event_id,meeting,deadline,date,estimated,kind,city,country,url
marce-2026,International Marcé Society Biennial Conference 2026,Preconference workshop abstract submission,2025-11-30,no,submission,Cape Town,ZA,https://marceconference2026.com/call-for-abstracts/
marce-2026,International Marcé Society Biennial Conference 2026,Oral and poster abstract submission,2026-03-15,no,submission,Cape Town,ZA,https://marceconference2026.com/call-for-abstracts/
marce-2026,International Marcé Society Biennial Conference 2026,Symposium abstract submission,2026-03-15,no,submission,Cape Town,ZA,https://marceconference2026.com/call-for-abstracts/
marce-2026,International Marcé Society Biennial Conference 2026,Acceptance notifications,2026-05-15,no,notification,Cape Town,ZA,https://marceconference2026.com/call-for-abstracts/
marce-2026,International Marcé Society Biennial Conference 2026,Early registration,2026-06-30,no,registration,Cape Town,ZA,https://marceconference2026.com/registration-form/
marce-2026,International Marcé Society Biennial Conference 2026,Presenter registration deadline,2026-07-30,no,registration,Cape Town,ZA,https://marceconference2026.com/call-for-abstracts/
psych-congress-2026,Psych Congress 2026,Poster abstract submission opens,2026-03-26,no,opens,New Orleans,US,https://www.hmpglobalevents.com/psych-congress/poster-abstracts
psych-congress-2026,Psych Congress 2026,Poster submission for Latest Discoveries and Emerging Trends sessions,2026-07-27,no,submission,New Orleans,US,https://www.hmpglobalevents.com/psych-congress/poster-abstracts
psych-congress-2026,Psych Congress 2026,Poster abstract submission deadline,2026-08-07,no,submission,New Orleans,US,https://www.hmpglobalevents.com/psych-congress/poster-abstracts
isctm-autumn-2026,ISCTM 2026 Autumn Conference,Poster submission,2026-06-18,no,submission,Philadelphia,US,https://isctm.org/upcoming-at-isctm/
isctm-autumn-2026,ISCTM 2026 Autumn Conference,Speaker abstract submission,2026-07-01,no,submission,Philadelphia,US,https://isctm.org/2026-autumn-conference-speakers-corner/
isctm-autumn-2026,ISCTM 2026 Autumn Conference,Speaker slide submission,2026-09-03,no,submission,Philadelphia,US,https://isctm.org/2026-autumn-conference-speakers-corner/
istss-2026,ISTSS 42nd Annual Meeting 2026,Proposal submission,2026-02-19,no,submission,San Antonio,US,https://istss.org/annual-meeting-hub/
istss-2026,ISTSS 42nd Annual Meeting 2026,Registration cancellation deadline,2026-08-14,no,registration,San Antonio,US,https://istss.org/wp-content/uploads/2026/01/2026-Call-for-Proposals.pdf
wpa-world-congress-2026,26th World Congress of Psychiatry (WCP 2026),Session proposal submission,2026-02-09,no,submission,Stockholm,SE,https://wcp-congress.com/general-information/
wpa-world-congress-2026,26th World Congress of Psychiatry (WCP 2026),Fellowship applications,2026-03-19,no,award,Stockholm,SE,https://wcp-congress.com/general-information/
wpa-world-congress-2026,26th World Congress of Psychiatry (WCP 2026),Abstract submission,2026-03-23,no,submission,Stockholm,SE,https://wcp-congress.com/general-information/
wpa-world-congress-2026,26th World Congress of Psychiatry (WCP 2026),Early registration,2026-06-02,no,registration,Stockholm,SE,https://wcp-congress.com/general-information/
wpa-world-congress-2026,26th World Congress of Psychiatry (WCP 2026),Regular registration,2026-08-18,no,registration,Stockholm,SE,https://wcp-congress.com/
acs-clinical-congress-2026,Clinical Congress 2026,"General scientific abstract, surgical video, and history poster submission",2026-03-02,no,submission,Washington,US,https://www.facs.org/for-medical-professionals/news-publications/news-and-articles/acs-brief/february-24-2026-issue/last-call-for-clinical-congress-2026-abstracts-submit-by-march-2/
acs-clinical-congress-2026,Clinical Congress 2026,High-Impact Clinical Trials and Studies submission opens,2026-06-01,no,opens,Washington,US,https://www.facs.org/for-medical-professionals/conferences-and-meetings/clinical-congress-2026/call-for-abstracts/
acs-clinical-congress-2026,Clinical Congress 2026,High-Impact Clinical Trials and Studies submission,2026-07-01,no,submission,Washington,US,https://www.facs.org/for-medical-professionals/conferences-and-meetings/clinical-congress-2026/call-for-abstracts/
acs-clinical-congress-2026,Clinical Congress 2026,Medical Student Program abstract submission,2026-06-26,no,submission,Washington,US,https://www.facs.org/media/p0sfgbwd/medical-student-program-abstract-submission-guidelines-2026.pdf
astro-annual-2026,2026 ASTRO Annual Meeting,Abstract submission,2026-02-24,no,submission,Boston,US,https://www.astro.org/meetings-and-education/micro-sites/2026/annual-meeting/learn/scientific-program/abstracts
astro-annual-2026,2026 ASTRO Annual Meeting,Notification of abstract acceptance,2026-05-14,no,notification,Boston,US,https://www.astro.org/meetings-and-education/micro-sites/2026/annual-meeting/learn/scientific-program/abstracts
astro-annual-2026,2026 ASTRO Annual Meeting,Registration opens,2026-05-14,no,opens,Boston,US,https://www.astro.org/meetings-and-education/micro-sites/2026/annual-meeting/attend/registration
astro-annual-2026,2026 ASTRO Annual Meeting,Early registration,2026-06-25,no,registration,Boston,US,https://www.astro.org/meetings-and-education/micro-sites/2026/annual-meeting/attend/registration
accp-clinpharm-annual-2026,2026 Annual Meeting of the American College of Clinical Pharmacology,Early registration,2026-06-30,no,registration,North Bethesda,US,https://accp1.org/Members/ACCP1/3Annual_Meeting/2026-ACCP-Annual-Meeting.aspx
isbd-annual-2026,ISBD 28th Annual Conference 2026,Registration cancellation for partial refund,2026-08-14,no,registration,Vancouver,CA,https://www.isbd.org/annual-conference/
isbd-annual-2026,ISBD 28th Annual Conference 2026,Hotel block reservation,2026-08-27,no,registration,Vancouver,CA,https://www.isbd.org/annual-conference/
uiuc-pn-innovation-day-2026,Personalized Nutrition Initiative Innovation Day 2026,Abstract submission deadline,2026-08-24,no,submission,Urbana,US,https://personalizednutrition.research.illinois.edu/2026-pn-innovation-day/
aanem-annual-2026,2026 AANEM Annual Meeting,Abstract submission opens,2026-01-01,no,opens,Orlando,US,https://www.aanem.org/meetings/annual-meeting/abstract-information-submission
aanem-annual-2026,2026 AANEM Annual Meeting,Abstract submission,2026-03-15,no,submission,Orlando,US,https://www.aanem.org/meetings/annual-meeting/abstract-information-submission
aanem-annual-2026,2026 AANEM Annual Meeting,MGFA Scientific Session abstract submission opens,2026-03-09,no,opens,Orlando,US,https://www.aanem.org/meetings/annual-meeting/abstract-information-submission
aanem-annual-2026,2026 AANEM Annual Meeting,MGFA Scientific Session abstract submission,2026-05-01,no,submission,Orlando,US,https://www.aanem.org/meetings/annual-meeting/abstract-information-submission
aanem-annual-2026,2026 AANEM Annual Meeting,Early registration,2026-07-14,no,registration,Orlando,US,https://www.aanem.org/meetings/annual-meeting/registration-information
aanem-annual-2026,2026 AANEM Annual Meeting,Regular registration,2026-08-31,no,registration,Orlando,US,https://www.aanem.org/meetings/annual-meeting/registration-information
wcpg-2026,World Congress of Psychiatric Genetics 2026,Symposium chair submission,2026-03-19,no,submission,Glasgow,GB,https://ispg.net/wcpg-2026/
wcpg-2026,World Congress of Psychiatric Genetics 2026,Symposium participant submission,2026-03-26,no,submission,Glasgow,GB,https://ispg.net/wcpg-2026/
wcpg-2026,World Congress of Psychiatric Genetics 2026,Oral and poster abstract submission,2026-05-14,no,submission,Glasgow,GB,https://ispg.net/wcpg-2026/
wcpg-2026,World Congress of Psychiatric Genetics 2026,Early Career Investigator Program award application,2026-05-14,no,award,Glasgow,GB,https://ispg.net/wcpg-2026/
wcpg-2026,World Congress of Psychiatric Genetics 2026,Accepted speaker registration,2026-07-01,no,notification,Glasgow,GB,https://ispg.net/wcpg-2026/
isam-annual-2026,28th Annual Global ISAM Congress (ISAM 2026),Abstract submission opens,2025-10-01,yes,opens,Rotterdam,NL,https://isamweb.org/annual/
isam-annual-2026,28th Annual Global ISAM Congress (ISAM 2026),Abstract submission,2026-03-31,no,submission,Rotterdam,NL,https://www.isam2026rotterdam.org/abstract-information/
isam-annual-2026,28th Annual Global ISAM Congress (ISAM 2026),Abstract notification of review outcomes,2026-06-01,yes,notification,Rotterdam,NL,https://www.isam2026rotterdam.org/abstract-information/
isam-annual-2026,28th Annual Global ISAM Congress (ISAM 2026),Early registration,2026-06-30,no,registration,Rotterdam,NL,https://www.isam2026rotterdam.org/registration/
isam-annual-2026,28th Annual Global ISAM Congress (ISAM 2026),Travel award application,2026-06-01,no,award,Rotterdam,NL,https://isamweb.org/annual/
isam-annual-2026,28th Annual Global ISAM Congress (ISAM 2026),Registration deadline for presenting authors,2026-07-01,no,registration,Rotterdam,NL,https://www.isam2026rotterdam.org/registration/
isam-annual-2026,28th Annual Global ISAM Congress (ISAM 2026),Late-breaking poster submission opens,2026-07-01,no,opens,Rotterdam,NL,https://www.isam2026rotterdam.org/abstract-information/
isam-annual-2026,28th Annual Global ISAM Congress (ISAM 2026),Late-breaking abstract submission,2026-09-01,no,submission,Rotterdam,NL,https://www.isam2026rotterdam.org/abstract-information/
isam-annual-2026,28th Annual Global ISAM Congress (ISAM 2026),Late-breaking presenter registration deadline,2026-09-20,no,registration,Rotterdam,NL,https://www.isam2026rotterdam.org/registration/
aap-nce-2026,2026 AAP National Conference & Exhibition,Abstract submission opens,2026-02-06,no,opens,San Diego,US,https://aapexperience.org/abstracts/
aap-nce-2026,2026 AAP National Conference & Exhibition,Abstract submission deadline,2026-04-10,no,submission,San Diego,US,https://aapexperience.org/abstracts/
aap-nce-2026,2026 AAP National Conference & Exhibition,Registration opens for members,2026-05-01,no,opens,San Diego,US,https://aapexperience.org/conference-registration/
aap-nce-2026,2026 AAP National Conference & Exhibition,Registration opens for nonmembers,2026-05-08,no,opens,San Diego,US,https://aapexperience.org/conference-registration/
aap-nce-2026,2026 AAP National Conference & Exhibition,Early registration deadline,2026-08-21,no,registration,San Diego,US,https://aapexperience.org/conference-registration/
illinois-psychiatric-society-annual-2026,Illinois Psychiatric Society Annual Meeting 2026,Early bird registration,2026-08-28,no,registration,Countryside,US,https://www.illinoispsychiatricsociety.org/events-awardsupcoming-events-1/annual-meeting-2026
illinois-psychiatric-society-annual-2026,Illinois Psychiatric Society Annual Meeting 2026,Registration cancellation deadline,2026-09-15,no,registration,Countryside,US,https://www.illinoispsychiatricsociety.org/events-awardsupcoming-events-1/annual-meeting-2026
illinois-psychiatric-society-annual-2026,Illinois Psychiatric Society Annual Meeting 2026,Standard registration deadline,2026-09-18,no,registration,Countryside,US,https://www.illinoispsychiatricsociety.org/events-awardsupcoming-events-1/annual-meeting-2026
mds-congress-2026,MDS International Congress of Parkinson's Disease and Movement Disorders 2026,Abstract submission opens,2025-12-15,no,opens,Seoul,KR,https://www.mdscongress.org/Abstracts/Submissions
mds-congress-2026,MDS International Congress of Parkinson's Disease and Movement Disorders 2026,Abstract submission deadline,2026-03-15,no,submission,Seoul,KR,https://www.mdscongress.org/Abstracts/Submissions
acep-scientific-assembly-2026,ACEP26 Scientific Assembly,Research Forum abstract submission opens,2026-03-04,no,opens,Chicago,US,https://www.acep.org/sa/education/acep26-rf
wcap-world-congress-asian-psychiatry-2026,11th World Congress of Asian Psychiatry (WCAP 2026),Symposium and workshop proposal submission opens,2025-11-05,no,opens,Sapporo,JP,https://www.wcap2026.jp/submission.html
wcap-world-congress-asian-psychiatry-2026,11th World Congress of Asian Psychiatry (WCAP 2026),Symposium and workshop proposal submission,2026-02-28,no,submission,Sapporo,JP,https://www.wcap2026.jp/submission.html
wcap-world-congress-asian-psychiatry-2026,11th World Congress of Asian Psychiatry (WCAP 2026),Abstract submission opens,2025-12-25,no,opens,Sapporo,JP,https://www.wcap2026.jp/submission.html
wcap-world-congress-asian-psychiatry-2026,11th World Congress of Asian Psychiatry (WCAP 2026),Oral abstract submission,2026-04-06,no,submission,Sapporo,JP,https://www.wcap2026.jp/submission.html
wcap-world-congress-asian-psychiatry-2026,11th World Congress of Asian Psychiatry (WCAP 2026),Poster abstract submission,2026-04-30,no,submission,Sapporo,JP,https://www.wcap2026.jp/submission.html
wcap-world-congress-asian-psychiatry-2026,11th World Congress of Asian Psychiatry (WCAP 2026),Presenter registration,2026-07-31,no,registration,Sapporo,JP,https://www.wcap2026.jp/registration.html
wcap-world-congress-asian-psychiatry-2026,11th World Congress of Asian Psychiatry (WCAP 2026),Early registration,2026-08-16,no,registration,Sapporo,JP,https://www.wcap2026.jp/registration.html
wcap-world-congress-asian-psychiatry-2026,11th World Congress of Asian Psychiatry (WCAP 2026),Regular registration,2026-09-15,no,registration,Sapporo,JP,https://www.wcap2026.jp/registration.html
uiuc-uic-psychiatry-research-forum-2026,UIC Department of Psychiatry 17th Annual Research Forum (Extravaganza) 2026,Abstract submission opens,2026-09-02,no,opens,Chicago,US,https://www.psych.uic.edu/extravaganza
uiuc-uic-psychiatry-research-forum-2026,UIC Department of Psychiatry 17th Annual Research Forum (Extravaganza) 2026,Abstract submission deadline,2026-09-30,no,submission,Chicago,US,https://www.psych.uic.edu/extravaganza
srp-annual-2026,Society for Research in Psychopathology 2026 Annual Meeting,Abstract submission,2026-04-20,no,submission,Columbus,US,https://psychopathology.org/annual-meeting-2/
srp-annual-2026,Society for Research in Psychopathology 2026 Annual Meeting,Early bird registration,2026-08-23,no,registration,Columbus,US,https://x.com/srp_science
aan-fall-conference-2026,2026 AAN Fall Conference,Registration and housing open,2026-06-22,no,opens,Las Vegas,US,https://www.aan.com/events/fall-conference
aan-fall-conference-2026,2026 AAN Fall Conference,Early registration deadline,2026-08-13,no,registration,Las Vegas,US,https://www.aan.com/events/fall-conference/registration
aan-fall-conference-2026,2026 AAN Fall Conference,Advance registration and hotel deadline,2026-09-17,no,registration,Las Vegas,US,https://www.aan.com/events/fall-conference/registration
aao-annual-2026,AAO 2026 Annual Meeting,Advance registration,2026-09-09,no,registration,New Orleans,US,https://www.aao.org/annual-meeting
aao-annual-2026,AAO 2026 Annual Meeting,Membership application deadline to register as a member,2026-09-15,no,registration,New Orleans,US,https://www.aao.org/annual-meeting/presenter/dates
aao-annual-2026,AAO 2026 Annual Meeting,Abstract acceptance notification (published in Meeting Guide),2026-09-01,no,notification,New Orleans,US,https://www.aao.org/annual-meeting/presenter/dates
acg-annual-2026,ACG 2026 Annual Scientific Meeting,Abstract submission,2026-06-01,no,submission,Nashville,US,https://acgmeetings.gi.org/abstracts/
ecnp-congress-2026,39th ECNP Congress 2026,Abstract submission,2026-05-07,no,submission,Munich,DE,https://www.ecnp.eu/congress2026/abstract/
ecnp-congress-2026,39th ECNP Congress 2026,Early fee registration,2026-05-20,no,registration,Munich,DE,https://www.ecnp.eu/congress2026/registration/registration-fees/
ecnp-congress-2026,39th ECNP Congress 2026,Abstract notification,2026-07-15,no,notification,Munich,DE,https://www.ecnp.eu/congress2026/abstract/
ecnp-congress-2026,39th ECNP Congress 2026,Presenter registration,2026-07-22,no,registration,Munich,DE,https://www.ecnp.eu/congress2026/abstract/
ecnp-congress-2026,39th ECNP Congress 2026,ePoster and poster upload,2026-09-08,no,submission,Munich,DE,https://www.ecnp.eu/congress2026/abstract/
ecnp-congress-2026,39th ECNP Congress 2026,Standard fee registration,2026-10-09,no,registration,Munich,DE,https://www.ecnp.eu/news/agenda-and-deadlines/
ecnp-congress-2026,39th ECNP Congress 2026,Onsite registration closes,2026-10-13,no,registration,Munich,DE,https://www.ecnp.eu/news/agenda-and-deadlines/
ama-research-challenge-2026,2026 AMA Research Challenge,Abstract submission,2026-07-16,no,submission,,,https://www.ama-assn.org/about/awards
ama-research-challenge-2026,2026 AMA Research Challenge,Abstract submission extended,2026-07-23,no,submission,,,https://www.ama-assn.org/about/awards
child-neurology-society-annual-2026,55th Child Neurology Society Annual Meeting,Abstract submission,2026-02-01,no,submission,Montreal,CA,https://www.childneurologysociety.org/colleagues/network/2026-abstracts-and-posters/
child-neurology-society-annual-2026,55th Child Neurology Society Annual Meeting,Abstract withdrawal deadline,2026-07-31,no,submission,Montreal,CA,https://www.childneurologysociety.org/colleagues/network/2026-abstracts-and-posters/
child-neurology-society-annual-2026,55th Child Neurology Society Annual Meeting,Encore abstract eligibility cutoff,2026-05-03,no,submission,Montreal,CA,https://www.childneurologysociety.org/colleagues/network/2026-abstracts-and-posters/
inebria-conference-2026,22nd INEBRIA Conference 2026,Abstract submission opens,2026-02-18,no,opens,Prague,CZ,https://inebria.net/prague-2026/
inebria-conference-2026,22nd INEBRIA Conference 2026,Abstract submission deadline,2026-04-29,no,submission,Prague,CZ,https://inebria.net/prague-2026/
plastic-surgery-the-meeting-2026,Plastic Surgery The Meeting 2026,Resident abstract submission opens,2026-03-04,no,opens,Houston,US,https://ww6.aievolution.com/asps/index.cfm?do=cnt.page&pg=1013
plastic-surgery-the-meeting-2026,Plastic Surgery The Meeting 2026,Resident abstract submission deadline,2026-04-30,no,submission,Houston,US,https://ww6.aievolution.com/asps/index.cfm?do=cnt.page&pg=1013
plastic-surgery-the-meeting-2026,Plastic Surgery The Meeting 2026,General call abstract submission deadline,2026-02-26,yes,submission,Houston,US,https://www.plasticsurgerythemeeting.com/
plastic-surgery-the-meeting-2026,Plastic Surgery The Meeting 2026,Advance registration deadline,2026-09-24,no,registration,Houston,US,https://www.plasticsurgerythemeeting.com/registration
anesthesiology-2026,ANESTHESIOLOGY 2026 Annual Meeting,General Session submission,2025-11-13,no,submission,San Diego,US,https://www.asahq.org/annualmeeting/education/submissions
anesthesiology-2026,ANESTHESIOLOGY 2026 Annual Meeting,Problem-Based Learning Discussion submission opens,2025-12-02,no,opens,San Diego,US,https://www.asahq.org/annualmeeting/education/submissions
anesthesiology-2026,ANESTHESIOLOGY 2026 Annual Meeting,Problem-Based Learning Discussion submission,2026-02-03,no,submission,San Diego,US,https://www.asahq.org/annualmeeting/education/submissions
aao-hnsf-annual-2026,AAO-HNSF 2026 Annual Meeting & OTO Experience,Call for Science submission opens,2025-12-01,no,opens,Los Angeles,US,https://www.entnet.org/events/annual-meeting/call-for-science/
aao-hnsf-annual-2026,AAO-HNSF 2026 Annual Meeting & OTO Experience,Call for Science submission deadline,2026-01-26,no,submission,Los Angeles,US,https://www.entnet.org/events/annual-meeting/call-for-science/
aao-hnsf-annual-2026,AAO-HNSF 2026 Annual Meeting & OTO Experience,Late-breaking science submission opens,2026-05-19,no,opens,Los Angeles,US,https://www.entnet.org/events/annual-meeting/program/late-breaking-science/
aao-hnsf-annual-2026,AAO-HNSF 2026 Annual Meeting & OTO Experience,Late-breaking science submission deadline,2026-06-09,no,submission,Los Angeles,US,https://www.entnet.org/events/annual-meeting/program/late-breaking-science/
aao-hnsf-annual-2026,AAO-HNSF 2026 Annual Meeting & OTO Experience,Early registration deadline,2026-08-24,no,registration,Los Angeles,US,https://www.entnet.org/events/annual-meeting/annual-meeting-faqs/
ana-annual-2026,American Neurological Association 151st Annual Meeting,Symposium proposal submission (Call for Topics),2025-12-15,no,submission,San Diego,US,https://myana.org/ana2026-annual-meeting-call-for-topics-submission-form/
ana-annual-2026,American Neurological Association 151st Annual Meeting,Abstract submission opens,2026-03-16,no,opens,San Diego,US,https://2026.myana.org/abstracts/abstract-submission-guidelines/
ana-annual-2026,American Neurological Association 151st Annual Meeting,Late-breaking abstract submission opens,2026-05-04,no,opens,San Diego,US,https://2026.myana.org/abstracts/abstract-submission-guidelines/
ana-annual-2026,American Neurological Association 151st Annual Meeting,Late-breaking abstract submission,2026-05-26,no,submission,San Diego,US,https://2026.myana.org/abstracts/abstract-submission-guidelines/
ana-annual-2026,American Neurological Association 151st Annual Meeting,Early registration deadline,2026-09-07,no,registration,San Diego,US,https://2026.myana.org/registration/registration/
chest-annual-meeting-2026,CHEST 2026 Annual Meeting,Abstract submission,2026-02-26,no,submission,Phoenix,US,https://info.chestnet.org/chest-call-for-abstracts
chest-annual-meeting-2026,CHEST 2026 Annual Meeting,Late-breaking abstract submission opens,2026-07-20,no,opens,Phoenix,US,https://info.chestnet.org/chest-2026-call-for-late-breaking-abstracts
chest-annual-meeting-2026,CHEST 2026 Annual Meeting,Late-breaking abstract submission,2026-08-12,no,submission,Phoenix,US,https://info.chestnet.org/chest-2026-call-for-late-breaking-abstracts
chest-annual-meeting-2026,CHEST 2026 Annual Meeting,Early registration,2026-10-05,no,registration,Phoenix,US,https://www.chestnet.org/learning-and-events/events/chest-annual-meeting
neurocritical-care-society-annual-2026,NCS 24th Annual Meeting,Abstract submission,2026-05-03,no,submission,Seattle,US,https://www.neurocriticalcare.org/Events/Annual-Meeting/Call-for-Research-Abstracts
neurocritical-care-society-annual-2026,NCS 24th Annual Meeting,Abstract notification,2026-06-01,yes,notification,Seattle,US,https://www.neurocriticalcare.org/Events/Annual-Meeting/Call-for-Research-Abstracts
neurocritical-care-society-annual-2026,NCS 24th Annual Meeting,Abstract withdrawal deadline (if accepted elsewhere),2026-07-17,no,notification,Seattle,US,https://www.neurocriticalcare.org/Events/Annual-Meeting/Call-for-Research-Abstracts
neurocritical-care-society-annual-2026,NCS 24th Annual Meeting,Early registration,2026-08-05,no,registration,Seattle,US,https://www.neurocriticalcare.org/Events/Annual-Meeting/Future-Annual-Meetings
neurocritical-care-society-annual-2026,NCS 24th Annual Meeting,Discounted housing deadline,2026-09-21,no,registration,Seattle,US,https://www.neurocriticalcare.org/Events/Annual-Meeting/Future-Annual-Meetings
asn-kidney-week-2026,ASN Kidney Week 2026,Late-breaking abstract submission,2026-09-02,no,submission,Denver,US,https://www.asn-online.org/education/kidneyweek/
asn-kidney-week-2026,ASN Kidney Week 2026,Early registration,2026-09-09,no,registration,Denver,US,https://www.asn-online.org/education/kidneyweek/
ectrims-actrims-2026,10th Joint ACTRIMS-ECTRIMS Meeting (MSToronto 2026),Abstract submission opens,2026-03-24,no,opens,Toronto,CA,https://mstoronto2026.org/
ectrims-actrims-2026,10th Joint ACTRIMS-ECTRIMS Meeting (MSToronto 2026),Abstract submission,2026-05-07,no,submission,Toronto,CA,https://mstoronto2026.org/
ectrims-actrims-2026,10th Joint ACTRIMS-ECTRIMS Meeting (MSToronto 2026),Late-breaking abstract submission opens,2026-05-12,no,opens,Toronto,CA,https://mstoronto2026.org/
ectrims-actrims-2026,10th Joint ACTRIMS-ECTRIMS Meeting (MSToronto 2026),Late-breaking abstract submission,2026-07-16,no,submission,Toronto,CA,https://mstoronto2026.org/
ectrims-actrims-2026,10th Joint ACTRIMS-ECTRIMS Meeting (MSToronto 2026),Early registration,2026-08-26,no,registration,Toronto,CA,https://mstoronto2026.org/
idweek-2026,IDWeek 2026,Abstract submission opens,2026-02-17,no,opens,Washington,US,https://idweek.org/abstracts/
idweek-2026,IDWeek 2026,Abstract submission,2026-04-30,no,submission,Washington,US,https://idweek.org/abstracts/
idweek-2026,IDWeek 2026,Late-breaker abstract submission opens,2026-06-22,no,opens,Washington,US,https://idweek.org/abstracts/
idweek-2026,IDWeek 2026,Late-breaker abstract submission,2026-08-04,no,submission,Washington,US,https://idweek.org/abstracts/
wsc-2026,18th World Stroke Congress,Abstract submission,2026-04-15,no,submission,Seoul,KR,https://worldstrokecongress.org/abstract-guidelines-submission/
wsc-2026,18th World Stroke Congress,Late-breaking abstract submission,2026-05-25,no,submission,Seoul,KR,https://worldstrokecongress.org/abstract-guidelines-submission/
esmo-congress-2026,ESMO Congress 2026,Abstract submission,2026-05-12,no,submission,Madrid,ES,https://www.esmo.org/meeting-calendar/esmo-congress-2026/abstracts
esmo-congress-2026,ESMO Congress 2026,Late-breaking abstract submission,2026-09-08,no,submission,Madrid,ES,https://www.esmo.org/meeting-calendar/esmo-congress-2026/abstracts
asrm-scientific-congress-2026,ASRM 2026 Scientific Congress and Expo,Abstract submission opens,2026-02-25,no,opens,Baltimore,US,https://www.asrm.org/globalassets/_asrm/news-events/asrm-scientific-congress/presenters/ASRM_2026_Abstract_Key_Dates.pdf
asrm-scientific-congress-2026,ASRM 2026 Scientific Congress and Expo,Abstract submission,2026-04-29,no,submission,Baltimore,US,https://www.asrm.org/globalassets/_asrm/news-events/asrm-scientific-congress/presenters/ASRM_2026_Abstract_Key_Dates.pdf
asrm-scientific-congress-2026,ASRM 2026 Scientific Congress and Expo,Abstract withdrawal deadline,2026-06-24,no,submission,Baltimore,US,https://www.asrm.org/globalassets/_asrm/news-events/asrm-scientific-congress/presenters/ASRM_2026_Abstract_Key_Dates.pdf
aacap-annual-2026,AACAP 73rd Annual Meeting 2026,"General submission deadline (Clinical Perspectives, Symposia, Workshops, Institutes, Media Theatre, Posters, other formats)",2026-02-12,no,submission,Atlanta,US,https://aacap.confex.com/aacap/2026/cfp.cgi
aacap-annual-2026,AACAP 73rd Annual Meeting 2026,Late New Research Poster submission deadline,2026-06-04,no,submission,Atlanta,US,https://aacap.confex.com/aacap/2026/cfp.cgi
aacap-annual-2026,AACAP 73rd Annual Meeting 2026,Registration opens to non members,2026-08-11,no,opens,Atlanta,US,https://x.com/AACAP/status/2084703165031547369
apna-annual-2026,APNA 40th Annual Conference 2026,Abstract submission,2026-03-02,no,submission,Phoenix,US,https://www.apna.org/apna-annual-conference/call-for-abstracts-2/
apna-annual-2026,APNA 40th Annual Conference 2026,Early registration,2026-09-14,no,registration,Phoenix,US,https://www.apna.org/apna-annual-conference/
congress-neurological-surgeons-2026,76th Congress of Neurological Surgeons Annual Meeting,Abstract submission,2026-05-26,no,submission,Washington,US,https://www.cns.org/annualmeeting/program/abstracts
congress-neurological-surgeons-2026,76th Congress of Neurological Surgeons Annual Meeting,Early registration,2026-05-31,no,registration,Washington,US,https://www.cns.org/annualmeeting/overview
congress-neurological-surgeons-2026,76th Congress of Neurological Surgeons Annual Meeting,Advanced registration deadline,2026-09-30,no,registration,Washington,US,https://www.cns.org/annualmeeting/overview
apha-annual-2026,APHA Annual Meeting and Expo 2026,Early registration,2026-07-14,no,registration,San Antonio,US,https://www.apha.org/events-and-meetings/annual/registration-information
apha-annual-2026,APHA Annual Meeting and Expo 2026,Advance registration,2026-09-15,no,registration,San Antonio,US,https://www.apha.org/events-and-meetings/annual/registration-information
apha-annual-2026,APHA Annual Meeting and Expo 2026,Late registration,2026-10-29,no,registration,San Antonio,US,https://www.apha.org/events-and-meetings/annual/registration-information
aasld-liver-meeting-2026,AASLD The Liver Meeting 2026,Case report and academic debate submission,2026-08-31,no,submission,Denver,US,https://www.aasld.org/tlm-26/home
aasld-liver-meeting-2026,AASLD The Liver Meeting 2026,Early registration,2026-08-26,no,registration,Denver,US,https://www.aasld.org/tlm-26/home
nei-congress-2026,NEI Fall Congress 2026,Poster abstract submission deadline,2026-08-03,no,submission,Colorado Springs,US,https://www.neiglobal.com/Congress/CNGPosterSession/tabid/159/Default.aspx
aamc-learn-serve-lead-2026,Learn Serve Lead 2026: The AAMC Annual Meeting,Abstract submission,2025-12-01,no,submission,Anaheim,US,https://www.aamc.org/learn-network/learn-serve-lead
acr-convergence-2026,ACR Convergence 2026,Late-breaking abstract submission,2026-09-22,no,submission,Orlando,US,https://www.rheumatology.org/annual-meeting
aha-scientific-sessions-2026,American Heart Association Scientific Sessions 2026,Abstract submission,2026-06-08,no,submission,Chicago,US,https://professional.heart.org/en/meetings/scientific-sessions/submit-science
aha-scientific-sessions-2026,American Heart Association Scientific Sessions 2026,Late-breaking science submission opens,2026-06-22,no,opens,Chicago,US,https://professional.heart.org/en/meetings/scientific-sessions/programming/late-breaking-science
aha-scientific-sessions-2026,American Heart Association Scientific Sessions 2026,Late-breaking science submission,2026-08-24,no,submission,Chicago,US,https://professional.heart.org/en/meetings/scientific-sessions/programming/late-breaking-science
aha-scientific-sessions-2026,American Heart Association Scientific Sessions 2026,Travel award application,2026-08-21,no,award,Chicago,US,https://professional.heart.org/en/meetings/scientific-sessions/awards
uiuc-uic-com-research-forum-2026,University of Illinois College of Medicine 2026 Research Forum,Abstract submission opens,2026-09-01,no,opens,Chicago,US,https://medicine.uic.edu/com-research/research-forum/submission-information/
uiuc-uic-com-research-forum-2026,University of Illinois College of Medicine 2026 Research Forum,Abstract submission deadline,2026-09-25,no,submission,Chicago,US,https://medicine.uic.edu/com-research/research-forum/submission-information/
uiuc-uic-com-research-forum-2026,University of Illinois College of Medicine 2026 Research Forum,Poster printing deadline,2026-10-16,no,submission,Chicago,US,https://medicine.uic.edu/com-research/research-forum/submission-information/
amia-2026-annual-symposium,AMIA 2026 Annual Symposium,Manuscript submission,2026-03-10,no,submission,Dallas,US,https://amia.org/education-events/amia-2026-annual-symposium/call-participation
amia-2026-annual-symposium,AMIA 2026 Annual Symposium,High School Scholars application,2026-09-08,no,award,Dallas,US,https://amia.org/education-events/amia-2026-annual-symposium/high-school-scholars
amia-2026-annual-symposium,AMIA 2026 Annual Symposium,Student volunteer application,2026-09-08,no,submission,Dallas,US,https://amia.org/membership/student-center
amia-2026-annual-symposium,AMIA 2026 Annual Symposium,FHIR App Competition materials submission,2026-09-30,no,submission,Dallas,US,https://amia.org/amia-2026-annual-symposium/fhir
amia-2026-annual-symposium,AMIA 2026 Annual Symposium,Hotel reservation,2026-10-14,no,registration,Dallas,US,https://amia.org/education-events/venue
aas-annual-2026,37th International Symposium on the Autonomic Nervous System (American Autonomic Society Annual Meeting 2026),Late breaking abstract submission deadline,2026-09-15,no,submission,San Diego,US,https://americanautonomicsociety.org/abstract-submission/
aas-annual-2026,37th International Symposium on the Autonomic Nervous System (American Autonomic Society Annual Meeting 2026),Early registration deadline,2026-09-15,no,registration,San Diego,US,https://americanautonomicsociety.org/conference-registration/
aapmr-annual-assembly-2026,2026 AAPM&R Annual Assembly,Late-breaking research abstract submission opens,2026-05-20,yes,opens,Orlando,US,https://www.aapmr.org/education/annual-assembly/2026/call-for-abstracts
aapmr-annual-assembly-2026,2026 AAPM&R Annual Assembly,Late-breaking research abstract submission,2026-06-24,yes,submission,Orlando,US,https://www.aapmr.org/education/annual-assembly/2026/call-for-abstracts
aapmr-annual-assembly-2026,2026 AAPM&R Annual Assembly,Registration deadline (mail-in and fax; refund cutoff),2026-10-13,no,registration,Orlando,US,https://www.aapmr.org/education/annual-assembly/registration
aaap-annual-2026,AAAP 37th Annual Meeting and Scientific Symposium 2026,Early bird registration deadline,2026-10-01,no,registration,Memphis,US,https://aaap.societyconference.com/conference/
abct-2026,ABCT 60th Annual Convention 2026,Ticketed session submission opens,2026-01-02,no,opens,Baltimore,US,https://www.abct.org/convention-ce/call-for-papers-ticketed-sessions/
abct-2026,ABCT 60th Annual Convention 2026,Ticketed session submission,2026-02-06,no,submission,Baltimore,US,https://www.abct.org/convention-ce/call-for-papers-ticketed-sessions/
abct-2026,ABCT 60th Annual Convention 2026,General session submission opens,2026-02-09,no,opens,Baltimore,US,https://www.abct.org/convention-ce/call-for-papers/
abct-2026,ABCT 60th Annual Convention 2026,General session submission,2026-03-13,no,submission,Baltimore,US,https://www.abct.org/convention-ce/call-for-papers/
abct-2026,ABCT 60th Annual Convention 2026,Early registration,2026-10-16,no,registration,Baltimore,US,https://www.abct.org/2026-convention/registration/
acaai-annual-2026,2026 ACAAI Annual Scientific Meeting,Research abstract submission opens,2026-04-01,yes,opens,Phoenix,US,https://annualmeeting.acaai.org/2026/submit_abstract.cfm
acaai-annual-2026,2026 ACAAI Annual Scientific Meeting,Research abstract submission,2026-07-13,no,submission,Phoenix,US,https://annualmeeting.acaai.org/2026/submit_abstract.cfm
acaai-annual-2026,2026 ACAAI Annual Scientific Meeting,Medically challenging case abstract submission opens,2026-04-01,yes,opens,Phoenix,US,https://annualmeeting.acaai.org/2026/submit_abstract.cfm
acaai-annual-2026,2026 ACAAI Annual Scientific Meeting,Medically challenging case abstract submission,2026-08-03,yes,submission,Phoenix,US,https://annualmeeting.acaai.org/2026/submit_abstract.cfm
acaai-annual-2026,2026 ACAAI Annual Scientific Meeting,Late-breaking abstract submission opens,2026-09-01,yes,opens,Phoenix,US,https://annualmeeting.acaai.org/2026/submit_abstract.cfm
acaai-annual-2026,2026 ACAAI Annual Scientific Meeting,Late-breaking abstract submission,2026-10-06,no,submission,Phoenix,US,https://annualmeeting.acaai.org/2026/submit_abstract.cfm
acaai-annual-2026,2026 ACAAI Annual Scientific Meeting,Early registration deadline,2026-09-14,no,registration,Phoenix,US,https://annualmeeting.acaai.org/2026/registration.cfm
acaai-annual-2026,2026 ACAAI Annual Scientific Meeting,Livestream registration deadline,2026-11-11,no,registration,Phoenix,US,https://annualmeeting.acaai.org/2026/registration.cfm
amersa-2026,AMERSA 50th Annual Conference 2026,Submission site opens,2026-02-01,no,opens,Washington,US,https://aapp.org/perspective/2026/03/800428
amersa-2026,AMERSA 50th Annual Conference 2026,Abstract submission,2026-04-01,no,submission,Washington,US,https://conference.amersa.org/call-for-abstracts-and-workshops/
amersa-2026,AMERSA 50th Annual Conference 2026,Workshop proposal submission,2026-04-01,no,submission,Washington,US,https://conference.amersa.org/call-for-abstracts-and-workshops/
amersa-2026,AMERSA 50th Annual Conference 2026,Deadline to accept workshop invitation,2026-05-15,no,notification,Washington,US,https://conference.amersa.org/call-for-abstracts-and-workshops/
amersa-2026,AMERSA 50th Annual Conference 2026,Conference scholarship award application,2026-05-17,no,award,Washington,US,https://conference.amersa.org/call-for-abstracts-and-workshops/
amersa-2026,AMERSA 50th Annual Conference 2026,Deadline to accept abstract invitation,2026-06-15,no,notification,Washington,US,https://conference.amersa.org/call-for-abstracts-and-workshops/
amersa-2026,AMERSA 50th Annual Conference 2026,Early registration,2026-08-31,no,registration,Washington,US,https://conference.amersa.org/attendees-information-page/
amersa-2026,AMERSA 50th Annual Conference 2026,Hotel room block,2026-10-01,no,registration,Washington,US,https://conference.amersa.org/attendees-information-page/
sno-annual-2026,Society for Neuro-Oncology 31st Annual Meeting and Education Day 2026,Regular abstract submission deadline,2026-05-26,no,submission,Philadelphia,US,https://sno2026.oa-event.com/submit
sno-annual-2026,Society for Neuro-Oncology 31st Annual Meeting and Education Day 2026,Late-breaking abstract placeholder submission deadline,2026-05-26,no,submission,Philadelphia,US,https://sno2026.oa-event.com/submit
sno-annual-2026,Society for Neuro-Oncology 31st Annual Meeting and Education Day 2026,Late-breaking abstract final submission deadline,2026-09-04,no,submission,Philadelphia,US,https://sno2026.oa-event.com/submit
sno-annual-2026,Society for Neuro-Oncology 31st Annual Meeting and Education Day 2026,Early bird registration deadline,2026-09-11,no,registration,Philadelphia,US,https://sno2026.oa-event.com/registration
sno-annual-2026,Society for Neuro-Oncology 31st Annual Meeting and Education Day 2026,Presenter registration deadline,2026-09-18,no,registration,Philadelphia,US,https://sno2026.oa-event.com/submit
ssa-annual-2026,Society for the Study of Addiction Annual Conference 2026,Early registration,2026-09-24,no,registration,Newcastle upon Tyne,GB,https://www.addiction-ssa.org/news/guide-to-attending-the-2026-annual-conference/
obesityweek-2026,ObesityWeek 2026,Abstract submission opens,2026-03-16,no,opens,National Harbor,US,https://obesityweek.org/abstract-submissions/
obesityweek-2026,ObesityWeek 2026,Abstract submission,2026-04-27,no,submission,National Harbor,US,https://obesityweek.org/abstract-submissions/
obesityweek-2026,ObesityWeek 2026,Late-breaking abstract submission opens,2026-06-29,no,opens,National Harbor,US,https://obesityweek.org/abstract-submissions/
obesityweek-2026,ObesityWeek 2026,Late-breaking abstract submission,2026-07-22,no,submission,National Harbor,US,https://obesityweek.org/abstract-submissions/
obesityweek-2026,ObesityWeek 2026,Early registration,2026-08-24,no,registration,National Harbor,US,https://obesityweek.org/key-dates/
sfn-neuroscience-2026,Society for Neuroscience Neuroscience 2026,Symposium and session proposals (extended),2026-01-26,no,submission,Washington,US,https://www.sfn.org/meetings/neuroscience-2026/general-information/dates-and-deadlines
sfn-neuroscience-2026,Society for Neuroscience Neuroscience 2026,Abstract submission opens,2026-05-27,no,opens,Washington,US,https://www.sfn.org/meetings/neuroscience-2026/general-information/dates-and-deadlines
sfn-neuroscience-2026,Society for Neuroscience Neuroscience 2026,Abstract submission (extended),2026-06-11,no,submission,Washington,US,https://www.sfn.org/meetings/neuroscience-2026/call-for-abstracts
sfn-neuroscience-2026,Society for Neuroscience Neuroscience 2026,Advance member registration opens,2026-07-15,no,opens,Washington,US,https://www.sfn.org/meetings/neuroscience-2026/general-information/dates-and-deadlines
sfn-neuroscience-2026,Society for Neuroscience Neuroscience 2026,Late breaking abstract submission opens,2026-09-08,no,opens,Washington,US,https://www.sfn.org/meetings/neuroscience-2026/late-breaking-abstracts
sfn-neuroscience-2026,Society for Neuroscience Neuroscience 2026,Deadline to switch from virtual only to in person presentation,2026-09-10,no,submission,Washington,US,https://www.sfn.org/meetings/neuroscience-2026/general-information/dates-and-deadlines
sfn-neuroscience-2026,Society for Neuroscience Neuroscience 2026,Late breaking abstract submission,2026-09-15,no,submission,Washington,US,https://www.sfn.org/meetings/neuroscience-2026/late-breaking-abstracts
sfn-neuroscience-2026,Society for Neuroscience Neuroscience 2026,Registration cancellation for refund,2026-10-05,no,registration,Washington,US,https://www.sfn.org/meetings/neuroscience-2026/general-information/dates-and-deadlines
sfn-neuroscience-2026,Society for Neuroscience Neuroscience 2026,Housing reservations close,2026-11-03,no,registration,Washington,US,https://www.sfn.org/meetings/neuroscience-2026/general-information/dates-and-deadlines
ctad-2026,19th Clinical Trials on Alzheimer's Disease (CTAD) Conference 2026,Abstract submission opens,2026-04-15,no,opens,Boston,US,https://www.ctad-alzheimer.com/
ctad-2026,19th Clinical Trials on Alzheimer's Disease (CTAD) Conference 2026,Abstract submission deadline,2026-06-02,no,submission,Boston,US,https://www.ctad-alzheimer.com/
ctad-2026,19th Clinical Trials on Alzheimer's Disease (CTAD) Conference 2026,Late call for abstracts opens,2026-07-15,no,opens,Boston,US,https://www.ctad-alzheimer.com/
ctad-2026,19th Clinical Trials on Alzheimer's Disease (CTAD) Conference 2026,Late call abstract submission deadline,2026-09-03,no,submission,Boston,US,https://www.ctad-alzheimer.com/
ctad-2026,19th Clinical Trials on Alzheimer's Disease (CTAD) Conference 2026,Registration opens,2026-04-01,no,opens,Boston,US,https://www.ctad-alzheimer.com/
ctad-2026,19th Clinical Trials on Alzheimer's Disease (CTAD) Conference 2026,Early registration deadline,2026-10-01,no,registration,Boston,US,https://www.ctad-alzheimer.com/
aclp-annual-2026,ACLP Annual Meeting 2026 (CLP 2026),Abstract submission deadline (all formats),2026-04-01,no,submission,San Diego,US,https://clpsychiatry.org/annual-meetings/
cpa-annual-conference-2026,Canadian Psychiatric Association 76th Annual Conference 2026,Abstract submission,2026-02-02,no,submission,Montreal,CA,https://www.cpa-apc.org/call-for-abstracts/
cpa-annual-conference-2026,Canadian Psychiatric Association 76th Annual Conference 2026,Early registration,2026-10-30,no,registration,Montreal,CA,https://www.cpa-apc.org/registration-fees/
napcrg-annual-meeting-2026,NAPCRG 54th Annual Meeting,Call for papers,2026-04-19,no,submission,Toronto,CA,https://www.napcrg.org/conferences/annual/call-for-papers/
napcrg-annual-meeting-2026,NAPCRG 54th Annual Meeting,"Student, resident, and fellow poster submission opens",2026-05-10,no,opens,Toronto,CA,https://www.napcrg.org/conferences/annual/call-for-papers-srf/
napcrg-annual-meeting-2026,NAPCRG 54th Annual Meeting,"Student, resident, and fellow poster submission",2026-07-12,no,award,Toronto,CA,https://www.napcrg.org/conferences/annual/call-for-papers-srf/
rsna-annual-2026,RSNA 2026 Scientific Assembly and Annual Meeting,Abstract submission,2026-05-06,no,submission,Chicago,US,https://www.rsna.org/media/press/2026/2652
rsna-annual-2026,RSNA 2026 Scientific Assembly and Annual Meeting,Early registration deadline (regist),2026-10-01,no,registration,Chicago,US,https://www.rsna.org/annual-meeting/attendee-resources/pricing-and-registration
ahs-scottsdale-2026,2026 Scottsdale Headache Symposium,Registration cancellation deadline,2026-11-11,no,registration,Scottsdale,US,https://americanheadachesociety.org/events/2026-scottsdale-headache-symposium
aes-annual-2026,American Epilepsy Society Annual Meeting 2026,Abstract submission opens,2026-04-13,no,opens,Denver,US,https://aesnet.org/AES-annual-meeting/abstracts/abstract-faqs
aes-annual-2026,American Epilepsy Society Annual Meeting 2026,Abstract submission,2026-06-08,no,submission,Denver,US,https://aesnet.org/AES-annual-meeting/abstracts/abstract-faqs
aes-annual-2026,American Epilepsy Society Annual Meeting 2026,Travel award application,2026-06-08,no,award,Denver,US,https://aesnet.org/AES-annual-meeting/abstracts/abstract-awards
aes-annual-2026,American Epilepsy Society Annual Meeting 2026,Early registration deadline,2026-10-07,no,registration,Denver,US,https://aesnet.org/AES-annual-meeting/registration-information/registration-rates
ihi-forum-2026,IHI Forum 2026,Poster submission,2026-09-30,no,submission,Phoenix,US,https://events.ihi.org/forum/present
ihi-forum-2026,IHI Forum 2026,Early registration,2026-09-30,no,registration,Phoenix,US,https://events.ihi.org/forum/fees-and-scholarships
nube-2026,National Update on Behavioral Emergencies (NUBE) Conference 2026,Speaker proposal submission,2026-07-31,no,submission,Scottsdale,US,http://www.behavioralemergencies.civicaconferences.com/2026-call-for-presenters/
sabcs-2026,2026 San Antonio Breast Cancer Symposium,Abstract submission,2026-07-13,no,submission,San Antonio,US,https://www.sabcs.org/Abstracts
sabcs-2026,2026 San Antonio Breast Cancer Symposium,Late-breaking abstract submission,2026-09-30,no,submission,San Antonio,US,https://www.sabcs.org/Abstracts
sabcs-2026,2026 San Antonio Breast Cancer Symposium,Early registration,2026-09-25,no,registration,San Antonio,US,https://www.sabcs.org/Registration
ash-annual-2026,ASH Annual Meeting and Exposition 2026,Abstract submission opens,2026-06-02,no,opens,New Orleans,US,https://www.hematology.org/meetings/annual-meeting/abstracts/call-for-abstracts
ash-annual-2026,ASH Annual Meeting and Exposition 2026,Abstract submission,2026-08-04,no,submission,New Orleans,US,https://www.hematology.org/meetings/annual-meeting/abstracts/call-for-abstracts
ash-annual-2026,ASH Annual Meeting and Exposition 2026,Travel award application,2026-08-04,no,award,New Orleans,US,https://www.hematology.org/meetings/annual-meeting/abstracts/call-for-abstracts
ash-annual-2026,ASH Annual Meeting and Exposition 2026,Abstract withdrawal deadline,2026-09-16,no,submission,New Orleans,US,https://www.hematology.org/meetings/annual-meeting/abstracts/call-for-abstracts
ash-annual-2026,ASH Annual Meeting and Exposition 2026,Late-breaking abstract submission opens,2026-10-14,no,opens,New Orleans,US,https://www.hematology.org/meetings/annual-meeting/abstracts/call-for-abstracts
ash-annual-2026,ASH Annual Meeting and Exposition 2026,Late-breaking abstract submission,2026-10-28,no,submission,New Orleans,US,https://www.hematology.org/meetings/annual-meeting/abstracts/call-for-abstracts
ash-annual-2026,ASH Annual Meeting and Exposition 2026,Abstract notification,2026-11-04,no,notification,New Orleans,US,https://www.hematology.org/meetings/annual-meeting/abstracts/call-for-abstracts
ash-annual-2026,ASH Annual Meeting and Exposition 2026,Advance registration opens (members),2026-07-22,no,opens,New Orleans,US,https://www.hematology.org/meetings/annual-meeting/registration-information
ash-annual-2026,ASH Annual Meeting and Exposition 2026,Advance registration opens (non-members),2026-08-12,no,opens,New Orleans,US,https://www.hematology.org/meetings/annual-meeting/registration-information
ash-annual-2026,ASH Annual Meeting and Exposition 2026,Early registration,2026-10-21,no,registration,New Orleans,US,https://www.hematology.org/meetings/annual-meeting/registration-information
acnp-annual-2027,ACNP 65th Annual Meeting 2027,Travel award application,2026-05-14,no,award,San Diego,US,https://acnp.org/annual-meeting/travel-awards/
acnp-annual-2027,ACNP 65th Annual Meeting 2027,"Panel, mini-panel and study group chair submission",2026-05-19,no,submission,San Diego,US,https://acnp.org/annual-meeting/submissions/
acnp-annual-2027,ACNP 65th Annual Meeting 2027,Panel presenter abstracts due,2026-06-02,no,submission,San Diego,US,https://acnp.org/annual-meeting/submissions/
acnp-annual-2027,ACNP 65th Annual Meeting 2027,"Panel, mini-panel and study group final submission",2026-06-04,no,submission,San Diego,US,https://acnp.org/annual-meeting/submissions/
acnp-annual-2027,ACNP 65th Annual Meeting 2027,Member invited guest invitation requests,2026-08-26,no,submission,San Diego,US,https://acnp.org/annual-meeting/
acnp-annual-2027,ACNP 65th Annual Meeting 2027,Poster abstract submission,2026-08-27,no,submission,San Diego,US,https://acnp.org/annual-meeting/submissions/
acnp-annual-2027,ACNP 65th Annual Meeting 2027,Promising Targets abstract submission,2026-10-28,no,submission,San Diego,US,https://acnp.org/annual-meeting/submissions/
apsard-2027,APSARD 2027 Annual Conference (American Professional Society of ADHD and Related Disorders),Emerging Leader Travel Award application,2026-10-29,no,award,Washington,US,https://apsard.secure-platform.com/site/
asn-annual-2027,50th American Society of Neuroimaging Annual Meeting,Abstract submission,2026-07-01,no,submission,Hilton Head Island,US,https://www.asnweb.org/2027-annual-meeting
nans-annual-2027,North American Neuromodulation Society Annual Meeting 2027,Registration and housing open,2026-09-10,no,opens,Las Vegas,US,https://www.nans.org/annual-meeting
nans-annual-2027,North American Neuromodulation Society Annual Meeting 2027,Abstract submission opens,2026-06-01,no,opens,Las Vegas,US,https://www.nans.org/abstracts/
nans-annual-2027,North American Neuromodulation Society Annual Meeting 2027,Abstract submission,2026-08-17,no,submission,Las Vegas,US,https://www.nans.org/abstracts/
nans-annual-2027,North American Neuromodulation Society Annual Meeting 2027,Late-breaking abstract submission opens,2026-10-19,no,opens,Las Vegas,US,https://www.nans.org/abstracts/
nans-annual-2027,North American Neuromodulation Society Annual Meeting 2027,Early registration,2026-10-27,no,registration,Las Vegas,US,https://www.nans.org/annual-meeting
nans-annual-2027,North American Neuromodulation Society Annual Meeting 2027,Late-breaking abstract submission,2026-11-02,no,submission,Las Vegas,US,https://www.nans.org/abstracts/
nans-annual-2027,North American Neuromodulation Society Annual Meeting 2027,Housing deadline,2026-12-28,no,registration,Las Vegas,US,https://www.nans.org/annual-meeting
sts-annual-2027,63rd STS Annual Meeting,Abstract submission deadline,2026-08-31,no,submission,San Diego,US,https://www.sts.org/annual-meeting-faq
academic-surgical-congress-2027,22nd Annual Academic Surgical Congress 2027,Abstract submission opens,2026-06-20,no,opens,Washington,US,https://academicsurgicalcongress.us/
academic-surgical-congress-2027,22nd Annual Academic Surgical Congress 2027,Abstract submission,2026-08-07,no,submission,Washington,US,https://www.academicsurgicalcongress.org/abstracts/
academic-surgical-congress-2027,22nd Annual Academic Surgical Congress 2027,Manuscript submission for award consideration (Journal of Surgical Research),2026-12-04,no,award,Washington,US,https://academicsurgicalcongress.us/
ins-annual-meeting-2027,International Neuropsychological Society 55th Annual Meeting 2027 (INS Boston 2027),Abstract and symposium submission,2026-08-19,no,submission,Boston,US,https://the-ins.org/wp-content/uploads/2026/05/INS-Boston-2027-Call-for-Abstracts-FINAL1.pdf
ins-annual-meeting-2027,International Neuropsychological Society 55th Annual Meeting 2027 (INS Boston 2027),Late-breaking poster submission opens,2026-09-04,no,opens,Boston,US,https://ins-boston-2027.oa-event.com/
ins-annual-meeting-2027,International Neuropsychological Society 55th Annual Meeting 2027 (INS Boston 2027),Late-breaking poster submission,2026-10-07,no,submission,Boston,US,https://ins-boston-2027.oa-event.com/
isc-2027,International Stroke Conference 2027,Abstract submission deadline,2026-08-18,no,submission,Houston,US,https://professional.heart.org/en/meetings/international-stroke-conference/submit-science
isc-2027,International Stroke Conference 2027,Late-breaking science submission opens,2026-09-30,no,opens,Houston,US,https://professional.heart.org/en/meetings/international-stroke-conference/submit-science
isc-2027,International Stroke Conference 2027,Late-breaking science submission deadline,2026-10-28,no,submission,Houston,US,https://professional.heart.org/en/meetings/international-stroke-conference/submit-science
isctm-annual-2027,ISCTM 23rd Annual Scientific Meeting 2027,Lewis A. Opler Prize recommendation,2026-10-15,no,submission,Washington,US,https://isctm.org/
isctm-annual-2027,ISCTM 23rd Annual Scientific Meeting 2027,New Investigator Award submission,2026-11-03,no,award,Washington,US,https://isctm.org/upcoming-at-isctm/
isctm-annual-2027,ISCTM 23rd Annual Scientific Meeting 2027,Poster submission,2026-11-16,no,submission,Washington,US,https://isctm.org/upcoming-at-isctm/
isctm-annual-2027,ISCTM 23rd Annual Scientific Meeting 2027,Session proposals for the 2028 Annual Meeting,2027-01-07,no,submission,Washington,US,https://isctm.org/
acgme-annual-educational-2027,2027 ACGME Annual Educational Conference,Call for Abstracts opens,2026-08-17,no,opens,San Antonio,US,https://www.acgme.org/annual-educational-conference
acgme-annual-educational-2027,2027 ACGME Annual Educational Conference,Abstract submission,2026-09-24,no,submission,San Antonio,US,https://www.acgme.org/annual-educational-conference
aadprt-annual-2027,AADPRT Annual Meeting 2027,Early registration closes,2026-08-31,no,registration,Nashville,US,https://www.aadprt.org/annual-meeting/2027-annual-meeting
aadprt-annual-2027,AADPRT Annual Meeting 2027,"Abstract submission deadline (workshops, posters, Innovations Showcase, Arts in Action)",2026-09-22,no,submission,Nashville,US,https://www.aadprt.org/annual-meeting/workshops-posters
aadprt-annual-2027,AADPRT Annual Meeting 2027,Hotel room block opens,2026-10-01,no,opens,Nashville,US,https://www.aadprt.org/annual-meeting/2027-annual-meeting
aadprt-annual-2027,AADPRT Annual Meeting 2027,Abstract selection announcement,2026-11-02,no,submission,Nashville,US,https://www.aadprt.org/annual-meeting/workshops-posters
aadprt-annual-2027,AADPRT Annual Meeting 2027,Regular registration opens,2026-12-04,no,opens,Nashville,US,https://www.aadprt.org/annual-meeting/2027-annual-meeting
aadprt-annual-2027,AADPRT Annual Meeting 2027,Poster contest submissions open,2026-12-04,no,opens,Nashville,US,https://www.aadprt.org/annual-meeting/workshops-posters
aadprt-annual-2027,AADPRT Annual Meeting 2027,Regular registration closes,2027-01-07,no,registration,Nashville,US,https://www.aadprt.org/annual-meeting/2027-annual-meeting
aadprt-annual-2027,AADPRT Annual Meeting 2027,Poster contest submissions close,2027-01-14,no,submission,Nashville,US,https://www.aadprt.org/annual-meeting/workshops-posters
aadprt-annual-2027,AADPRT Annual Meeting 2027,Late registration closes,2027-02-02,no,registration,Nashville,US,https://www.aadprt.org/annual-meeting/2027-annual-meeting
aaos-annual-2027,AAOS 2027 Annual Meeting,Abstract submission,2026-06-01,no,submission,Las Vegas,US,https://www.aaos.org/callforabstracts
aaos-annual-2027,AAOS 2027 Annual Meeting,Early registration,2026-12-06,no,registration,Las Vegas,US,https://www.aaos.org/annual/attend/registration/
aaos-annual-2027,AAOS 2027 Annual Meeting,Advance registration and cancellation deadline,2027-01-24,no,registration,Las Vegas,US,https://www.aaos.org/annual/attend/registration/
srnt-annual-2027,SRNT Annual Meeting 2027,Abstract submission opens,2026-06-15,no,opens,San Francisco,US,https://srnt.org/future-annual-meetings/
srnt-annual-2027,SRNT Annual Meeting 2027,Abstract submission deadline,2026-07-31,no,submission,San Francisco,US,https://srnt.org/future-annual-meetings/
acns-annual-2027,ACNS 2027 Annual Meeting and Courses,Scientific program and course submission opens,2026-04-15,no,opens,Seattle,US,https://www.acns.org/meetings/annual-meeting-and-courses
acns-annual-2027,ACNS 2027 Annual Meeting and Courses,Scientific program and course submission,2026-05-31,no,submission,Seattle,US,https://www.acns.org/meetings/annual-meeting-and-courses
acns-annual-2027,ACNS 2027 Annual Meeting and Courses,Poster abstract submission opens,2026-10-01,no,opens,Seattle,US,https://www.acns.org/meetings/annual-meeting-and-courses
acns-annual-2027,ACNS 2027 Annual Meeting and Courses,Poster abstract submission,2026-11-15,no,submission,Seattle,US,https://www.acns.org/meetings/annual-meeting-and-courses
acns-annual-2027,ACNS 2027 Annual Meeting and Courses,Housing block deadline,2027-02-08,no,registration,Seattle,US,https://www.acns.org/meetings/annual-meeting-and-courses
actrims-forum-2027,ACTRIMS Forum 2027,Abstract submission opens,2026-08-03,no,opens,Phoenix,US,https://www.forum.actrims.org/submit
actrims-forum-2027,ACTRIMS Forum 2027,Regular abstract submission deadline,2026-11-06,no,submission,Phoenix,US,https://www.forum.actrims.org/submit
actrims-forum-2027,ACTRIMS Forum 2027,Late-breaking abstract submission opens,2026-11-09,no,opens,Phoenix,US,https://www.forum.actrims.org/submit
actrims-forum-2027,ACTRIMS Forum 2027,Late-breaking abstract submission deadline,2026-12-04,no,submission,Phoenix,US,https://www.forum.actrims.org/submit
actrims-forum-2027,ACTRIMS Forum 2027,Abstract notification,2027-01-08,no,notification,Phoenix,US,https://www.forum.actrims.org/submit
actrims-forum-2027,ACTRIMS Forum 2027,Early registration deadline,2027-02-10,no,registration,Phoenix,US,https://www.forum.actrims.org/register
actrims-forum-2027,ACTRIMS Forum 2027,Group registration deadline,2027-02-15,no,registration,Phoenix,US,https://www.forum.actrims.org/register
actrims-forum-2027,ACTRIMS Forum 2027,In-person registration deadline,2027-03-01,no,registration,Phoenix,US,https://www.forum.actrims.org/register
actrims-forum-2027,ACTRIMS Forum 2027,Virtual registration deadline,2027-03-10,no,registration,Phoenix,US,https://www.forum.actrims.org/register
uscap-annual-2027,2027 USCAP Annual Meeting,Abstract submission,2026-09-24,no,submission,Vancouver,CA,https://uscap.org/abstracts/
iawmh-world-congress-2027,11th World Congress on Women's Mental Health 2027,Abstract submission opens,2026-02-15,no,opens,Sitges,ES,https://iawmh2027.org/
iawmh-world-congress-2027,11th World Congress on Women's Mental Health 2027,Symposium and workshop submission,2026-09-30,no,submission,Sitges,ES,https://iawmh2027.org/
iawmh-world-congress-2027,11th World Congress on Women's Mental Health 2027,Oral and poster abstract submission,2026-10-30,no,submission,Sitges,ES,https://iawmh2027.org/
iawmh-world-congress-2027,11th World Congress on Women's Mental Health 2027,Undergraduate student submission,2026-12-23,yes,submission,Sitges,ES,https://iawmh2027.org/
sccm-critical-care-congress-2027,Society of Critical Care Medicine 2027 Critical Care Congress,Abstract and case report submission opens,2026-06-01,no,opens,San Diego,US,https://sccm.org/annual-congress/abstracts-and-case-reports
sccm-critical-care-congress-2027,Society of Critical Care Medicine 2027 Critical Care Congress,Abstract and case report submission,2026-09-03,no,submission,San Diego,US,https://sccm.org/annual-congress/abstracts-and-case-reports
adpd-2027,"AD/PD 2027, 21st International Conference on Alzheimer's and Parkinson's Diseases",Abstract submission deadline,2026-09-01,no,submission,Barcelona,ES,https://adpd.kenes.com/abstract-submission/
adpd-2027,"AD/PD 2027, 21st International Conference on Alzheimer's and Parkinson's Diseases",Abstract submission deadline (extended),2026-09-08,no,submission,Barcelona,ES,https://adpd.kenes.com/abstract-submission/
adpd-2027,"AD/PD 2027, 21st International Conference on Alzheimer's and Parkinson's Diseases",Early registration deadline,2026-12-09,no,registration,Barcelona,ES,https://adpd.kenes.com/
aahpm-annual-assembly-2027,2027 Annual Assembly of Hospice and Palliative Care,Abstract submission,2026-07-13,no,submission,Pittsburgh,US,https://aahpm.org/wp-content/uploads/2024/10/v2_2025_Subsequent_Call_Abstract_Submission_Guide.pdf
anpa-annual-2027,American Neuropsychiatric Association 37th Annual Meeting 2027,Abstract submission,2026-10-02,no,submission,Albuquerque,US,https://anpaonline.org/resources/call-for-abstracts
anpa-annual-2027,American Neuropsychiatric Association 37th Annual Meeting 2027,Hotel block reservation,2027-02-22,no,registration,Albuquerque,US,https://anpaonline.org/events/anpa-meeting-2027
asent-annual-2027,ASENT 2027 Annual Meeting and Clinical Trials Course,Abstract submission,2026-09-07,no,submission,Bethesda,US,https://www.asent.org/Abstract-Guidelines
ispn-annual-2027,ISPN 2027 Annual Conference,Abstract submission,2026-08-31,no,submission,Asheville,US,https://www.ispn-psych.org/2027-call-for-abstracts
sbsm-annual-2027,Society for Biopsychosocial Science and Medicine 84th Annual Meeting 2027 (formerly American Psychosomatic Society),"Abstract submission deadline (symposium, standard abstract, case based)",2026-09-16,no,submission,New Orleans,US,https://thesbsm.org/2027-annual-meeting/
aad-annual-2027,2027 AAD Annual Meeting,Abstract submission,2026-09-02,no,submission,San Francisco,US,https://www.aad.org/member/meetings-education/am27
cns-annual-2027,Cognitive Neuroscience Society Annual Meeting 2027,Submissions open,2026-09-01,no,opens,Boston,US,https://www.cogneurosociety.org/dates-and-deadlines/
cns-annual-2027,Cognitive Neuroscience Society Annual Meeting 2027,Symposium proposal submission,2026-09-14,no,submission,Boston,US,https://www.cogneurosociety.org/dates-and-deadlines/
cns-annual-2027,Cognitive Neuroscience Society Annual Meeting 2027,Award nomination (George A. Miller and Distinguished Career Contributions),2026-09-25,no,award,Boston,US,https://www.cogneurosociety.org/dates-and-deadlines/
cns-annual-2027,Cognitive Neuroscience Society Annual Meeting 2027,Award nomination (Young Investigator),2026-10-02,no,award,Boston,US,https://www.cogneurosociety.org/dates-and-deadlines/
cns-annual-2027,Cognitive Neuroscience Society Annual Meeting 2027,Travel award application opens,2026-10-05,no,opens,Boston,US,https://www.cogneurosociety.org/dates-and-deadlines/
cns-annual-2027,Cognitive Neuroscience Society Annual Meeting 2027,Registration opens,2026-10-23,no,opens,Boston,US,https://www.cogneurosociety.org/dates-and-deadlines/
cns-annual-2027,Cognitive Neuroscience Society Annual Meeting 2027,Abstract submission (poster),2026-11-03,no,submission,Boston,US,https://www.cogneurosociety.org/dates-and-deadlines/
cns-annual-2027,Cognitive Neuroscience Society Annual Meeting 2027,Travel award application deadline,2026-11-03,no,award,Boston,US,https://www.cogneurosociety.org/dates-and-deadlines/
cns-annual-2027,Cognitive Neuroscience Society Annual Meeting 2027,Late-breaking abstract submission,2027-01-19,no,submission,Boston,US,https://www.cogneurosociety.org/dates-and-deadlines/
cns-annual-2027,Cognitive Neuroscience Society Annual Meeting 2027,Early registration,2027-01-05,no,registration,Boston,US,https://www.cogneurosociety.org/dates-and-deadlines/
cns-annual-2027,Cognitive Neuroscience Society Annual Meeting 2027,Hotel reservation deadline,2027-02-24,no,registration,Boston,US,https://www.cogneurosociety.org/dates-and-deadlines/
smfm-pregnancy-meeting-2027,2027 SMFM Pregnancy Meeting,Abstract submission opens,2026-07-10,no,opens,National Harbor,US,https://smfm2027.eventscribe.net/aaStatic.asp?SFP=WUZHRU1WTUZAMjY1NDVAQWJzdHJhY3Rz
smfm-pregnancy-meeting-2027,2027 SMFM Pregnancy Meeting,Abstract submission,2026-09-14,no,submission,National Harbor,US,https://smfm2027.eventscribe.net/aaStatic.asp?SFP=WUZHRU1WTUZAMjY1NDVAQWJzdHJhY3Rz
smfm-pregnancy-meeting-2027,2027 SMFM Pregnancy Meeting,Abstract notification,2026-11-06,no,notification,National Harbor,US,https://smfm2027.eventscribe.net/aaStatic.asp?SFP=WUZHRU1WTUZAMjY1NDVAQWJzdHJhY3Rz
smfm-pregnancy-meeting-2027,2027 SMFM Pregnancy Meeting,Abstract withdrawal deadline,2026-11-13,no,submission,National Harbor,US,https://smfm2027.eventscribe.net/aaStatic.asp?SFP=WUZHRU1WTUZAMjY1NDVAQWJzdHJhY3Rz
smfm-pregnancy-meeting-2027,2027 SMFM Pregnancy Meeting,Registration opens,2026-10-05,no,opens,National Harbor,US,https://smfm2027.eventscribe.net/aaStatic.asp?SFP=WUZHRU1WTUZAMjY1NDVAQWJzdHJhY3Rz
smfm-pregnancy-meeting-2027,2027 SMFM Pregnancy Meeting,Late-breaking abstract submission opens,2026-11-16,no,opens,National Harbor,US,https://smfm2027.eventscribe.net/aaStatic.asp?SFP=WUZHRU1WTUZAMjY1NDVAQWJzdHJhY3Rz
smfm-pregnancy-meeting-2027,2027 SMFM Pregnancy Meeting,Late-breaking abstract submission,2026-12-21,no,submission,National Harbor,US,https://smfm2027.eventscribe.net/aaStatic.asp?SFP=WUZHRU1WTUZAMjY1NDVAQWJzdHJhY3Rz
smfm-pregnancy-meeting-2027,2027 SMFM Pregnancy Meeting,Late-breaking abstract notification,2027-01-11,no,notification,National Harbor,US,https://smfm2027.eventscribe.net/aaStatic.asp?SFP=WUZHRU1WTUZAMjY1NDVAQWJzdHJhY3Rz
shm-converge-2027,SHM Converge 2027,Speaker and topic proposal submission,2026-05-03,no,submission,Las Vegas,US,https://www.conferenceabstracts.com/uploads/documents/26574/2027FormalDidacticKeynoteGuidelines.pdf
adaa-annual-2027,ADAA 2027 Annual Conference,"Symposia, workshops, roundtables and state of the art session proposals",2026-10-16,yes,submission,Atlanta,US,https://adaa.org/adaa-conference
aacr-annual-2027,AACR Annual Meeting 2027,Abstract submission opens,2026-09-28,no,opens,Orlando,US,https://www.aacr.org/meeting/aacr-annual-meeting-2027/key-dates/
aacr-annual-2027,AACR Annual Meeting 2027,Abstract submission,2026-11-10,no,submission,Orlando,US,https://www.aacr.org/meeting/aacr-annual-meeting-2027/key-dates/
aacr-annual-2027,AACR Annual Meeting 2027,Late-breaking abstract submission opens,2026-12-02,no,opens,Orlando,US,https://www.aacr.org/meeting/aacr-annual-meeting-2027/key-dates/
aacr-annual-2027,AACR Annual Meeting 2027,Late-breaking abstract submission,2027-01-06,no,submission,Orlando,US,https://www.aacr.org/meeting/aacr-annual-meeting-2027/key-dates/
aacr-annual-2027,AACR Annual Meeting 2027,Abstract notification,2026-12-21,no,notification,Orlando,US,https://www.aacr.org/meeting/aacr-annual-meeting-2027/key-dates/
aacr-annual-2027,AACR Annual Meeting 2027,Abstract scheduling notification,2027-01-21,no,notification,Orlando,US,https://www.aacr.org/meeting/aacr-annual-meeting-2027/key-dates/
aacr-annual-2027,AACR Annual Meeting 2027,Late-breaking abstract notification,2027-02-03,no,notification,Orlando,US,https://www.aacr.org/meeting/aacr-annual-meeting-2027/key-dates/
aacr-annual-2027,AACR Annual Meeting 2027,Early registration,2026-12-07,no,registration,Orlando,US,https://www.aacr.org/meeting/aacr-annual-meeting-2027/key-dates/
aacr-annual-2027,AACR Annual Meeting 2027,Advance registration,2027-02-12,no,registration,Orlando,US,https://www.aacr.org/meeting/aacr-annual-meeting-2027/key-dates/
aacr-annual-2027,AACR Annual Meeting 2027,Travel award application,2026-11-10,no,award,Orlando,US,https://www.aacr.org/meeting/aacr-annual-meeting-2027/key-dates/
aacr-annual-2027,AACR Annual Meeting 2027,"Travel award application, Faculty Scholar",2026-11-24,no,award,Orlando,US,https://www.aacr.org/meeting/aacr-annual-meeting-2027/key-dates/
aacr-annual-2027,AACR Annual Meeting 2027,"Travel award application, Undergraduate Scholar",2026-12-04,no,award,Orlando,US,https://www.aacr.org/meeting/aacr-annual-meeting-2027/key-dates/
epa-congress-2027,35th European Congress of Psychiatry (EPA 2027),Session proposal submission,2026-05-13,no,submission,Florence,IT,https://epa-congress.org/abstract-submission/
epa-congress-2027,35th European Congress of Psychiatry (EPA 2027),Abstract submission,2026-09-21,no,submission,Florence,IT,https://epa-congress.org/abstract-submission/
epa-congress-2027,35th European Congress of Psychiatry (EPA 2027),Early registration,2027-01-27,no,registration,Florence,IT,https://epa-congress.org/abstract-submission/
epa-congress-2027,35th European Congress of Psychiatry (EPA 2027),Presenter confirmation and registration,2027-02-01,no,registration,Florence,IT,https://epa-congress.org/abstract-submission/
aapp-annual-2027,AAPP 2027 Annual Meeting,Abstract submission,2026-12-01,yes,submission,Louisville,US,https://aapp.org/ed/meeting/2027
asam-2027,ASAM 58th Annual Conference 2027,Poster abstract submission,2027-01-22,yes,submission,Minneapolis,US,https://annualconference.asam.org/
aans-annual-2027,AANS Annual Scientific Meeting 2027,Abstract submission opens,2026-07-22,no,opens,San Diego,US,https://annualmeeting.aans.org/abstract-center/
aans-annual-2027,AANS Annual Scientific Meeting 2027,Abstract submission,2026-10-01,no,submission,San Diego,US,https://annualmeeting.aans.org/abstract-center/
aans-annual-2027,AANS Annual Scientific Meeting 2027,Abstract notification,2027-01-15,yes,notification,San Diego,US,https://annualmeeting.aans.org/abstract-center/
aans-annual-2027,AANS Annual Scientific Meeting 2027,Registration deadline (presenting authors),2027-03-05,no,registration,San Diego,US,https://annualmeeting.aans.org/abstract-center/
escmid-global-2027,ESCMID Global 2027,Abstract submission opens,2026-10-07,no,opens,Stockholm,SE,https://www.escmid.org/escmid-global/
escmid-global-2027,ESCMID Global 2027,Abstract submission,2026-11-18,no,submission,Stockholm,SE,https://www.escmid.org/escmid-global/
escmid-global-2027,ESCMID Global 2027,Registration opens,2026-10-28,no,opens,Stockholm,SE,https://www.escmid.org/escmid-global/
escmid-global-2027,ESCMID Global 2027,Early registration,2027-02-10,no,registration,Stockholm,SE,https://www.escmid.org/escmid-global/
escmid-global-2027,ESCMID Global 2027,Regular registration,2027-03-10,no,registration,Stockholm,SE,https://www.escmid.org/escmid-global/
acc-annual-2027,ACC.27 Together with WCC (ACC Annual Scientific Session 2027),Abstract submission opens,2026-08-25,no,opens,Houston,US,https://abstractsdue.ie/conferences/acc-27-together-with-wcc-2027
acc-annual-2027,ACC.27 Together with WCC (ACC Annual Scientific Session 2027),Abstract submission,2026-10-06,no,submission,Houston,US,https://accscientificsession.acc.org/Submit-Your-Science/Abstracts
acc-annual-2027,ACC.27 Together with WCC (ACC Annual Scientific Session 2027),Young Investigator Award submission,2026-08-14,no,award,Houston,US,https://cdn.prod.website-files.com/675390e883317e3259aa3c62/683704dfc887cc3743af12ed_97278362663.pdf
sirs-congress-2027,SIRS 2027 Congress,Early career award application opens,2026-08-06,no,opens,Montreal,CA,https://schizophreniaresearchsociety.org/meetings/early-career-award-program/
sirs-congress-2027,SIRS 2027 Congress,Early career award application,2026-12-01,no,award,Montreal,CA,https://schizophreniaresearchsociety.org/meetings/early-career-award-program/
sirs-congress-2027,SIRS 2027 Congress,Abstract submission (oral and poster),2026-12-01,yes,submission,Montreal,CA,https://sirs.societyconference.com/v2/
sirs-congress-2027,SIRS 2027 Congress,Late breaking poster submission,2027-02-10,yes,submission,Montreal,CA,https://sirs.societyconference.com/v2/
aas-2027,AAS27: American Association of Suicidology 60th Annual Conference,Session proposal submission opens,2026-08-07,no,opens,Dallas,US,https://suicidology.org/conference/
aas-2027,AAS27: American Association of Suicidology 60th Annual Conference,Session proposal submission,2026-10-30,no,submission,Dallas,US,https://suicidology.org/aas27-session-proposals-now-open/
aas-2027,AAS27: American Association of Suicidology 60th Annual Conference,Presenter registration deadline,2027-01-25,no,registration,Dallas,US,https://suicidology.org/conference/
aas-2027,AAS27: American Association of Suicidology 60th Annual Conference,Poster submission,2027-02-01,no,submission,Dallas,US,https://suicidology.org/aas27-session-proposals-now-open/
aas-2027,AAS27: American Association of Suicidology 60th Annual Conference,Poster presenter registration deadline,2027-02-15,no,registration,Dallas,US,https://suicidology.org/conference/
amia-2027-amplify-informatics-summit,AMIA 2027 Amplify Informatics Conference,Proposal submission,2026-09-03,no,submission,Atlanta,US,https://amia.org/education-events/summit-proposals
sbm-2027,Society of Behavioral Medicine 48th Annual Meeting and Scientific Sessions 2027,Abstract submission opens,2026-07-16,no,opens,Atlanta,US,https://www.sbm.org/events/annual-meeting
sbm-2027,Society of Behavioral Medicine 48th Annual Meeting and Scientific Sessions 2027,Abstract submission,2026-09-04,no,submission,Atlanta,US,https://www.sbm.org/events/annual-meeting/program/abstracts
sbm-2027,Society of Behavioral Medicine 48th Annual Meeting and Scientific Sessions 2027,Early registration,2027-02-17,no,registration,Atlanta,US,https://www.sbm.org/events/annual-meeting
acp-internal-medicine-meeting-2027,ACP Internal Medicine Meeting 2027,Abstract submission opens,2026-10-01,no,opens,Los Angeles,US,https://www.acponline.org/membership/residents/competitions-awards/acp-national-abstract-competitions
acp-internal-medicine-meeting-2027,ACP Internal Medicine Meeting 2027,Abstract submission,2026-11-12,no,submission,Los Angeles,US,https://www.acponline.org/membership/residents/competitions-awards/acp-national-abstract-competitions
acp-internal-medicine-meeting-2027,ACP Internal Medicine Meeting 2027,Early registration,2027-01-31,no,registration,Los Angeles,US,https://annualmeeting.acponline.org/about/internal-medicine-meeting-2027-frequently-asked-questions
aagp-annual-2027,AAGP Annual Meeting 2027,"Submission opens (General Session, Clinical Case Presentation, Data Blitz, Power Symposia)",2026-06-15,no,opens,San Diego,US,https://aagponline.org/meeting-hub/
aagp-annual-2027,AAGP Annual Meeting 2027,"General Session, Clinical Case Presentation, Data Blitz and Power Symposia submission deadline",2026-09-14,no,submission,San Diego,US,https://aagponline.org/meeting-hub/
aagp-annual-2027,AAGP Annual Meeting 2027,Poster submission opens,2026-08-17,no,opens,San Diego,US,https://aagponline.org/meeting-hub/
aagp-annual-2027,AAGP Annual Meeting 2027,Poster abstract submission deadline,2026-09-25,no,submission,San Diego,US,https://aagponline.org/meeting-hub/
aagp-annual-2027,AAGP Annual Meeting 2027,Late-breaking poster submission opens,2026-11-30,no,opens,San Diego,US,https://aagponline.org/meeting-hub/
aagp-annual-2027,AAGP Annual Meeting 2027,Late-breaking poster submission deadline,2027-01-11,no,submission,San Diego,US,https://aagponline.org/meeting-hub/
pas-meeting-2027,2027 Pediatric Academic Societies Meeting,Scholarly session proposal submission opens,2026-08-03,no,opens,Minneapolis,US,https://www.pas-meeting.org/2027-key-dates/
pas-meeting-2027,2027 Pediatric Academic Societies Meeting,Abstract submission opens,2026-08-12,no,opens,Minneapolis,US,https://www.pas-meeting.org/2027-key-dates/
pas-meeting-2027,2027 Pediatric Academic Societies Meeting,Scholarly session proposal submission deadline,2026-09-16,no,award,Minneapolis,US,https://www.pas-meeting.org/2027-key-dates/
pas-meeting-2027,2027 Pediatric Academic Societies Meeting,Workshop proposal submission deadline,2026-09-16,no,submission,Minneapolis,US,https://www.pas-meeting.org/2027-key-dates/
pas-meeting-2027,2027 Pediatric Academic Societies Meeting,Late ancillary event proposal window opens,2026-09-17,no,opens,Minneapolis,US,https://www.pas-meeting.org/2027-key-dates/
pas-meeting-2027,2027 Pediatric Academic Societies Meeting,Scholarly session selection notification,2026-11-11,no,notification,Minneapolis,US,https://www.pas-meeting.org/2027-key-dates/
pas-meeting-2027,2027 Pediatric Academic Societies Meeting,Abstract submission deadline,2026-11-02,no,submission,Minneapolis,US,https://www.pas-meeting.org/2027-key-dates/
pas-meeting-2027,2027 Pediatric Academic Societies Meeting,Late ancillary event proposal deadline,2027-03-03,no,submission,Minneapolis,US,https://www.pas-meeting.org/2027-key-dates/
pas-meeting-2027,2027 Pediatric Academic Societies Meeting,Early registration deadline,2027-03-16,no,registration,Minneapolis,US,https://www.pas-meeting.org/2027-key-dates/
pas-meeting-2027,2027 Pediatric Academic Societies Meeting,Abstract submission notification,2027-01-19,no,notification,Minneapolis,US,https://www.pas-meeting.org/2027-key-dates/
aan-annual-2027,2027 AAN Annual Meeting,Abstract submission deadline,2026-10-13,no,submission,Washington,US,https://www.aan.com/events/annual-meeting/abstracts
aan-annual-2027,2027 AAN Annual Meeting,Abstract disclosure deadline,2026-11-19,no,submission,Washington,US,https://www.aan.com/events/annual-meeting/abstracts
aan-annual-2027,2027 AAN Annual Meeting,Late-breaking abstract submission opens,2026-12-01,no,opens,Washington,US,https://www.aan.com/events/annual-meeting/abstracts
aan-annual-2027,2027 AAN Annual Meeting,Late-breaking abstract submission deadline,2027-02-10,no,submission,Washington,US,https://www.aan.com/events/annual-meeting/abstracts
apa-annual-2027,American Psychiatric Association Annual Meeting 2027,General session submission,2026-09-10,no,submission,New York,US,https://www.psychiatry.org/psychiatrists/education/meeting-submission-and-guidelines/annual-meeting-submission-guidelines
apa-annual-2027,American Psychiatric Association Annual Meeting 2027,Course submission,2026-09-10,no,submission,New York,US,https://www.psychiatry.org/psychiatrists/education/meeting-submission-and-guidelines/annual-meeting-submission-guidelines
apa-annual-2027,American Psychiatric Association Annual Meeting 2027,Poster abstract submission,2026-09-10,no,submission,New York,US,https://www.psychiatry.org/psychiatrists/education/meeting-submission-and-guidelines/annual-meeting-submission-guidelines/frequently-asked-questions
apa-annual-2027,American Psychiatric Association Annual Meeting 2027,Mental Health Innovation Zone panel submission,2026-09-10,no,submission,New York,US,https://www.psychiatry.org/psychiatrists/education/meeting-submission-and-guidelines/annual-meeting-submission-guidelines
apa-annual-2027,American Psychiatric Association Annual Meeting 2027,New Research poster submission opens,2026-11-12,no,opens,New York,US,https://www.psychiatry.org/psychiatrists/education/meeting-submission-and-guidelines/annual-meeting-submission-guidelines/frequently-asked-questions
apa-annual-2027,American Psychiatric Association Annual Meeting 2027,New Research poster submission deadline,2027-01-08,no,submission,New York,US,https://www.psychiatry.org/psychiatrists/education/meeting-submission-and-guidelines/annual-meeting-submission-guidelines/frequently-asked-questions
apa-annual-2027,American Psychiatric Association Annual Meeting 2027,Registration cancellation deadline (full refund),2027-02-11,no,registration,New York,US,https://www.psychiatry.org/psychiatrists/meetings/annual-meeting/registration
stfm-annual-spring-conference-2027,2027 STFM Annual Spring Conference,Presentation proposal submission,2026-09-04,no,submission,Chicago,US,https://www.stfm.org/conferences/annual/call-for-presentations/
arrs-annual-2027,ARRS 2027 Annual Meeting,Abstract submission,2026-08-28,no,submission,Denver,US,https://www2.arrs.org/am27/call-for-abstracts-arrs-2027/
arvo-annual-2027,ARVO 2027 Annual Meeting,Abstract submission opens,2026-10-16,no,opens,San Diego,US,https://www.arvo.org/annual-meeting/abstracts
arvo-annual-2027,ARVO 2027 Annual Meeting,Abstract submission deadline,2026-12-04,no,submission,San Diego,US,https://www.arvo.org/annual-meeting/abstracts
arvo-annual-2027,ARVO 2027 Annual Meeting,Abstract received notification,2026-12-09,no,notification,San Diego,US,https://www.arvo.org/annual-meeting/abstracts
arvo-annual-2027,ARVO 2027 Annual Meeting,Abstract acceptance/rejection notification,2027-01-14,no,notification,San Diego,US,https://www.arvo.org/annual-meeting/abstracts
arvo-annual-2027,ARVO 2027 Annual Meeting,Abstract scheduling and presentation type notification,2027-02-11,no,notification,San Diego,US,https://www.arvo.org/annual-meeting/abstracts
sgim-annual-meeting-2027,2027 SGIM Annual Meeting,Special symposia submission opens,2026-07-14,no,opens,Seattle,US,https://annualmeeting.sgim.org/present/special-symposia/
sgim-annual-meeting-2027,2027 SGIM Annual Meeting,Special symposia submission,2026-08-04,no,submission,Seattle,US,https://annualmeeting.sgim.org/present/special-symposia/
sgim-annual-meeting-2027,2027 SGIM Annual Meeting,Scientific abstract submission,2026-12-11,no,submission,Seattle,US,https://annualmeeting.sgim.org/present/scientific-abstracts/
sobp-annual-2027,Society of Biological Psychiatry 82nd Annual Meeting 2027,"Travel fellowship application (predoctoral, early career North American, early career international)",2026-10-05,no,award,Chicago,US,https://sobp.org/travel-fellowship-award-predoctoral-scholars/
sobp-annual-2027,Society of Biological Psychiatry 82nd Annual Meeting 2027,Symposium proposal submission,2026-09-25,yes,submission,Chicago,US,https://sobp.org/sobp-annual-meeting/
sobp-annual-2027,Society of Biological Psychiatry 82nd Annual Meeting 2027,Honorific award nominations,2026-10-23,yes,award,Chicago,US,https://sobp.org/sobp-annual-meeting/
sobp-annual-2027,Society of Biological Psychiatry 82nd Annual Meeting 2027,Oral and poster abstract submission,2026-12-04,yes,submission,Chicago,US,https://sobp.org/sobp-annual-meeting/
sobp-annual-2027,Society of Biological Psychiatry 82nd Annual Meeting 2027,Late breaking poster abstract submission,2027-02-12,yes,submission,Chicago,US,https://sobp.org/sobp-annual-meeting/
pns-annual-2027,2027 Peripheral Nerve Society Annual Meeting,Abstract submission opens,2026-09-11,no,opens,Chicago,US,https://pnsociety.com/2027-pns-annual-meeting/
pns-annual-2027,2027 Peripheral Nerve Society Annual Meeting,Mini symposia submission deadline,2026-09-18,no,submission,Chicago,US,https://pnsociety.com/2027-pns-annual-meeting/
pns-annual-2027,2027 Peripheral Nerve Society Annual Meeting,Abstract submission deadline,2026-12-11,no,submission,Chicago,US,https://pnsociety.com/2027-pns-annual-meeting/
pns-annual-2027,2027 Peripheral Nerve Society Annual Meeting,Registration opens,2027-01-14,no,opens,Chicago,US,https://pnsociety.com/2027-pns-annual-meeting/
pns-annual-2027,2027 Peripheral Nerve Society Annual Meeting,Early bird registration deadline,2027-03-05,no,registration,Chicago,US,https://pnsociety.com/2027-pns-annual-meeting/
ashnr-asnr-annual-2027,ASHNR/ASNR 2027 Joint Annual Meeting,Abstract submission,2026-11-04,no,submission,San Diego,US,https://www.asnr.org/ashnr-asnr-2027-call-for-abstracts/
ashnr-asnr-annual-2027,ASHNR/ASNR 2027 Joint Annual Meeting,Abstract acceptance notification (notif),2027-01-29,no,notification,San Diego,US,https://www.asnr.org/ashnr-asnr-2027-call-for-abstracts/
ats-international-conference-2027,ATS 2027 International Conference,Abstract submission,2026-11-04,no,submission,New Orleans,US,https://site.thoracic.org/conference
ats-international-conference-2027,ATS 2027 International Conference,Learning Studio proposal submission,2026-10-14,no,submission,New Orleans,US,https://site.thoracic.org/conference
ddw-2027,Digestive Disease Week 2027,Late-breaking abstract submission,2027-03-18,no,submission,Washington,US,https://www.ddw.org
ddw-2027,Digestive Disease Week 2027,Early registration,2027-04-29,no,registration,Washington,US,https://www.ddw.org
ranzcp-congress-2027,RANZCP 2027 Congress,Abstract submission opens,2026-07-27,no,opens,Christchurch,NZ,https://www.congress.ranzcp.org/keydates
ranzcp-congress-2027,RANZCP 2027 Congress,Pre-congress workshop abstract submission,2026-09-04,no,submission,Christchurch,NZ,https://www.congress.ranzcp.org/keydates
ranzcp-congress-2027,RANZCP 2027 Congress,Registration opens,2026-10-12,no,opens,Christchurch,NZ,https://www.congress.ranzcp.org/keydates
ranzcp-congress-2027,RANZCP 2027 Congress,Abstract submission (congress sessions),2026-10-16,no,submission,Christchurch,NZ,https://www.congress.ranzcp.org/keydates
ranzcp-congress-2027,RANZCP 2027 Congress,Early registration,2027-02-26,no,registration,Christchurch,NZ,https://www.congress.ranzcp.org/keydates
insar-2027,INSAR 2027 Annual Meeting (International Society for Autism Research),Abstract submission,2026-10-16,no,submission,Cape Town,ZA,https://insar.confex.com/insar/2027/cfp.cgi
insar-2027,INSAR 2027 Annual Meeting (International Society for Autism Research),Conflict of interest disclosure by all authors,2026-11-12,no,submission,Cape Town,ZA,https://insar.confex.com/insar/2027/cfp.cgi
insar-2027,INSAR 2027 Annual Meeting (International Society for Autism Research),Abstract notifications,2027-01-28,no,notification,Cape Town,ZA,https://insar.confex.com/insar/2027/cfp.cgi
saem-annual-meeting-2027,SAEM27 Annual Meeting,Abstract submission opens,2026-11-02,no,opens,San Francisco,US,https://www.saem.org/meetings-and-events/annual-meeting/annual-meeting-navigation/education/submission-deadlines
saem-annual-meeting-2027,SAEM27 Annual Meeting,Abstract submission,2027-01-05,no,submission,San Francisco,US,https://www.saem.org/meetings-and-events/annual-meeting/annual-meeting-navigation/education/submission-deadlines
saem-annual-meeting-2027,SAEM27 Annual Meeting,Presenter disclosure and bio deadline,2027-04-01,no,submission,San Francisco,US,https://www.saem.org/meetings-and-events/annual-meeting/annual-meeting-navigation/education/submission-deadlines
ags-annual-scientific-meeting-2027,AGS 2027 Annual Scientific Meeting,Abstract submission,2026-12-02,no,submission,Atlanta,US,https://meeting.americangeriatrics.org/submissions
aua-annual-2027,AUA 2027 Annual Meeting,Abstract submission opens,2026-08-03,no,opens,San Diego,US,https://www.auanet.org/AUA2027/abstracts/abstract-guidelines
aua-annual-2027,AUA 2027 Annual Meeting,Abstract submission,2026-11-02,no,submission,San Diego,US,https://www.auanet.org/AUA2027/abstracts/abstract-guidelines
aua-annual-2027,AUA 2027 Annual Meeting,Abstract decision notification,2027-01-07,no,notification,San Diego,US,https://www.auanet.org/AUA2027/abstracts/abstract-guidelines
aua-annual-2027,AUA 2027 Annual Meeting,Presenter response and registration deadline,2027-02-16,no,registration,San Diego,US,https://www.auanet.org/AUA2027/abstracts/abstract-guidelines
aua-annual-2027,AUA 2027 Annual Meeting,Registration opens,2026-12-01,yes,opens,San Diego,US,https://www.auanet.org/aua2027
ibia-world-congress-2027,16th World Congress on Brain Injury,Abstract submission,2026-10-23,no,submission,Halifax,CA,https://braininjurycongress.org/
ispor-2027,ISPOR 2027,Workshop and Issue Panel submission opens,2026-10-02,no,opens,Denver,US,https://www.ispor.org/conferences-education/upcoming-conferences/abstract-information
ispor-2027,ISPOR 2027,Workshop and Issue Panel submission,2026-12-11,no,submission,Denver,US,https://www.ispor.org/conferences-education/upcoming-conferences/abstract-information
ispor-2027,ISPOR 2027,Research abstract submission opens,2026-10-30,no,opens,Denver,US,https://www.ispor.org/conferences-education/upcoming-conferences/abstract-information
ispor-2027,ISPOR 2027,Research abstract submission,2027-01-08,no,submission,Denver,US,https://www.ispor.org/conferences-education/upcoming-conferences/abstract-information
aps-2027,2027 APS Annual Convention (Association for Psychological Science),Call for submissions opens,2026-10-15,no,opens,Seattle,US,https://www.psychologicalscience.org/conventions/2027-aps-annual-convention/call-for-submissions
aps-2027,2027 APS Annual Convention (Association for Psychological Science),Financial assistance application opens,2026-10-15,no,opens,Seattle,US,https://www.psychologicalscience.org/conventions/2027-aps-annual-convention/call-for-submissions
aps-2027,2027 APS Annual Convention (Association for Psychological Science),Registration opens,2026-11-02,no,opens,Seattle,US,https://www.psychologicalscience.org/conventions/2027-aps-annual-convention/call-for-submissions
aps-2027,2027 APS Annual Convention (Association for Psychological Science),Submission deadline,2026-12-01,no,submission,Seattle,US,https://www.psychologicalscience.org/conventions/2027-aps-annual-convention/call-for-submissions
aps-2027,2027 APS Annual Convention (Association for Psychological Science),Financial assistance deadline,2026-12-12,no,submission,Seattle,US,https://www.psychologicalscience.org/conventions/2027-aps-annual-convention/call-for-submissions
aps-2027,2027 APS Annual Convention (Association for Psychological Science),Early registration,2027-04-15,no,registration,Seattle,US,https://www.psychologicalscience.org/conventions/2027-aps-annual-convention/call-for-submissions
aps-2027,2027 APS Annual Convention (Association for Psychological Science),Presenter registration deadline,2027-05-06,no,registration,Seattle,US,https://www.psychologicalscience.org/conventions/2027-aps-annual-convention/call-for-submissions
ascp-annual-2027,ASCP Annual Meeting 2027,Panel and workshop proposals,2026-11-17,no,submission,Chicago,US,https://ascpp.org/meeting-hub/
ascp-annual-2027,ASCP Annual Meeting 2027,Award nominations open,2026-11-01,no,opens,Chicago,US,https://ascpp.org/meeting-hub/
ascp-annual-2027,ASCP Annual Meeting 2027,Poster and individual research report submission,2027-01-27,no,submission,Chicago,US,https://ascpp.org/meeting-hub/
ascp-annual-2027,ASCP Annual Meeting 2027,New Investigator Award application,2027-01-27,no,award,Chicago,US,https://ascpp.org/ascp-meetings/ascp-annual-meeting/new-investigator-program/
ascp-annual-2027,ASCP Annual Meeting 2027,Award nominations close,2027-01-27,no,award,Chicago,US,https://ascpp.org/meeting-hub/
ascp-annual-2027,ASCP Annual Meeting 2027,Pharmaceutical pipeline presentation submission,2027-02-18,no,submission,Chicago,US,https://ascpp.org/meeting-hub/
ascp-annual-2027,ASCP Annual Meeting 2027,Late breaking poster submission opens,2027-02-24,no,opens,Chicago,US,https://ascpp.org/meeting-hub/
ascp-annual-2027,ASCP Annual Meeting 2027,Late breaking poster submission,2027-03-12,no,submission,Chicago,US,https://ascpp.org/meeting-hub/
asco-annual-2027,ASCO Annual Meeting 2027,Abstract submission,2027-01-26,no,submission,Chicago,US,https://www.asco.org/annual-meeting/dates-know
asco-annual-2027,ASCO Annual Meeting 2027,Late-breaking abstract submission,2027-03-08,no,submission,Chicago,US,https://www.asco.org/annual-meeting/abstracts-presentations/submission-details/late-breaking-data-submission-guidelines
asco-annual-2027,ASCO Annual Meeting 2027,Abstract notification,2027-03-31,no,notification,Chicago,US,https://www.asco.org/annual-meeting/dates-know
asco-annual-2027,ASCO Annual Meeting 2027,Early registration,2026-12-02,no,registration,Chicago,US,https://www.asco.org/annual-meeting/dates-know
iamse-annual-2027,IAMSE 31st Annual Meeting,Focus Sessions submission,2026-09-01,no,submission,Bellevue,US,https://www.iamse.org/annual-conference/
iamse-annual-2027,IAMSE 31st Annual Meeting,Poster and Oral Abstract submission,2026-12-01,no,submission,Bellevue,US,https://www.iamse.org/annual-conference/
iamse-annual-2027,IAMSE 31st Annual Meeting,Travel Award application,2026-12-15,no,award,Bellevue,US,https://www.iamse.org/annual-conference/
iamse-annual-2027,IAMSE 31st Annual Meeting,Early Bird registration,2027-04-01,no,registration,Bellevue,US,https://www.iamse.org/annual-conference/
iamse-annual-2027,IAMSE 31st Annual Meeting,Presenter registration,2027-04-01,no,registration,Bellevue,US,https://www.iamse.org/annual-conference/
sleep-2027,SLEEP 2027: 41st Annual Meeting of the Associated Professional Sleep Societies,Abstract submission opens,2026-09-16,yes,opens,Denver,US,https://aasm.org/event/sleep-2027/
sleep-2027,SLEEP 2027: 41st Annual Meeting of the Associated Professional Sleep Societies,Abstract submission,2026-12-07,yes,submission,Denver,US,https://aasm.org/event/sleep-2027/
sleep-2027,SLEEP 2027: 41st Annual Meeting of the Associated Professional Sleep Societies,Late-breaking abstract submission opens,2027-02-08,yes,opens,Denver,US,https://aasm.org/event/sleep-2027/
sleep-2027,SLEEP 2027: 41st Annual Meeting of the Associated Professional Sleep Societies,Late-breaking abstract submission,2027-03-15,yes,submission,Denver,US,https://aasm.org/event/sleep-2027/
smdm-annual-2027,SMDM 49th Annual Meeting,Abstract submission,2027-01-14,no,submission,Toronto,CA,https://smdm.org/civicrm/event/info
smdm-annual-2027,SMDM 49th Annual Meeting,Abstract notification,2027-03-12,no,notification,Toronto,CA,https://smdm.org/civicrm/event/info
smdm-annual-2027,SMDM 49th Annual Meeting,Early registration,2027-05-30,no,registration,Toronto,CA,https://smdm.org/registration-information
iasp-2027,IASP 34th World Congress 2027,Abstract submission opens,2026-05-27,no,opens,Colombo,LK,https://www.iasp.info/colombo2027/abstractsubmission/
iasp-2027,IASP 34th World Congress 2027,Symposium and workshop abstract submission,2026-10-01,no,submission,Colombo,LK,https://www.iasp.info/colombo2027/abstractsubmission/
iasp-2027,IASP 34th World Congress 2027,Oral and poster abstract submission,2026-10-15,no,submission,Colombo,LK,https://www.iasp.info/colombo2027/abstractsubmission/
iasp-2027,IASP 34th World Congress 2027,Early registration opens,2026-10-15,no,opens,Colombo,LK,https://www.iasp.info/colombo2027/abstractsubmission/
iasp-2027,IASP 34th World Congress 2027,Early registration,2027-02-18,no,registration,Colombo,LK,https://www.iasp.info/colombo2027/abstractsubmission/
iasp-2027,IASP 34th World Congress 2027,General registration closes,2027-06-04,no,registration,Colombo,LK,https://www.iasp.info/colombo2027/abstractsubmission/
ahs-annual-2027,American Headache Society 69th Annual Scientific Meeting 2027,Abstract submission opens,2027-01-08,yes,opens,San Diego,US,https://americanheadachesociety.org/events/68th-annual-scientific-meeting/abstracts
ahs-annual-2027,American Headache Society 69th Annual Scientific Meeting 2027,Abstract submission deadline,2027-02-15,yes,submission,San Diego,US,https://americanheadachesociety.org/events/68th-annual-scientific-meeting/abstracts
ahs-annual-2027,American Headache Society 69th Annual Scientific Meeting 2027,Late-breaking abstract submission opens,2027-04-05,yes,opens,San Diego,US,https://americanheadachesociety.org/events/68th-annual-scientific-meeting/abstracts
ahs-annual-2027,American Headache Society 69th Annual Scientific Meeting 2027,Late-breaking abstract submission deadline,2027-04-26,yes,submission,San Diego,US,https://americanheadachesociety.org/events/68th-annual-scientific-meeting/abstracts
ean-congress-2027,13th Congress of the European Academy of Neurology,Abstract submission,2027-01-14,no,submission,Gothenburg,SE,https://www.ean.org/congress2027
ean-congress-2027,13th Congress of the European Academy of Neurology,Early registration,2027-04-14,no,registration,Gothenburg,SE,https://www.ean.org/congress2027
rcpsych-international-congress-2027,RCPsych International Congress 2027,Session proposal submission,2026-10-25,no,submission,Glasgow,GB,https://www.rcpsych.ac.uk/events/congress/international-congress-2027-submissions
admsep-annual-2027,ADMSEP Annual Meeting 2027,Abstract and proposal submission deadline,2026-10-31,yes,submission,Salt Lake City,US,https://www.admsep.org/wcagmeetings.html
admsep-annual-2027,ADMSEP Annual Meeting 2027,Early bird registration deadline,2027-05-01,yes,registration,Salt Lake City,US,https://www.admsep.org/wcagmeetings.html
ada-scientific-sessions-2027,American Diabetes Association 87th Scientific Sessions,Abstract submission opens,2026-09-28,no,opens,Washington,US,https://professional.diabetes.org/scientific-sessions/abstracts
ada-scientific-sessions-2027,American Diabetes Association 87th Scientific Sessions,Abstract submission,2027-01-05,no,submission,Washington,US,https://professional.diabetes.org/scientific-sessions/abstracts
ada-scientific-sessions-2027,American Diabetes Association 87th Scientific Sessions,Late-breaking abstract submission opens,2027-01-25,no,opens,Washington,US,https://professional.diabetes.org/scientific-sessions/abstracts
ada-scientific-sessions-2027,American Diabetes Association 87th Scientific Sessions,Late-breaking abstract submission,2027-03-08,no,submission,Washington,US,https://professional.diabetes.org/scientific-sessions/abstracts
cpdd-2027,CPDD 89th Annual Scientific Meeting 2027,"Symposium, workshop and forum proposal submission",2026-10-29,yes,submission,Toronto,CA,https://cpdd.org/meetings/current-meeting/
cpdd-2027,CPDD 89th Annual Scientific Meeting 2027,Oral and poster abstract submission,2026-12-10,yes,submission,Toronto,CA,https://cpdd.org/meetings/current-meeting/
cpdd-2027,CPDD 89th Annual Scientific Meeting 2027,Travel award application,2026-12-15,yes,award,Toronto,CA,https://cpdd.org/meetings/current-meeting/
cpdd-2027,CPDD 89th Annual Scientific Meeting 2027,Late-breaking research submission,2027-03-18,yes,submission,Toronto,CA,https://cpdd.org/meetings/current-meeting/
ohbm-annual-2027,OHBM Annual Meeting 2027,Content submission site opens,2026-11-01,yes,opens,Toronto,CA,https://www.humanbrainmapping.org/ohbm-2027/
ohbm-annual-2027,OHBM Annual Meeting 2027,Abstract submission,2026-12-01,yes,submission,Toronto,CA,https://www.humanbrainmapping.org/ohbm-2027/
ohbm-annual-2027,OHBM Annual Meeting 2027,Registration opens,2027-01-01,yes,opens,Toronto,CA,https://www.humanbrainmapping.org/ohbm-annual-meeting-faq/
ohbm-annual-2027,OHBM Annual Meeting 2027,Abstract notification,2027-02-01,yes,notification,Toronto,CA,https://www.humanbrainmapping.org/ohbm-2027/
ads-annual-2027,American Delirium Society 17th Annual Conference 2027,Session proposal submission deadline,2026-10-26,yes,submission,Orlando,US,https://americandeliriumsociety.org/ADS-Annual-Conference
spr-international-meeting-2027,Society for Psychotherapy Research 58th International Annual Meeting 2027,Submission opens,2026-10-20,yes,opens,Stockholm,SE,https://www.psychotherapyresearch.org/page/community_calendar
spr-international-meeting-2027,Society for Psychotherapy Research 58th International Annual Meeting 2027,Abstract submission,2027-01-10,yes,submission,Stockholm,SE,https://www.psychotherapyresearch.org/page/community_calendar
icnmd-2027,20th International Congress on Neuromuscular Diseases (ICNMD 2027),Registration and abstract submission opens,2026-10-07,no,opens,Chiba,JP,https://icnmd.org/
icnmd-2027,20th International Congress on Neuromuscular Diseases (ICNMD 2027),Abstract submission deadline,2027-01-15,no,submission,Chiba,JP,https://icnmd.org/
icnmd-2027,20th International Congress on Neuromuscular Diseases (ICNMD 2027),Early bird registration deadline,2027-03-26,no,registration,Chiba,JP,https://icnmd.org/
icnmd-2027,20th International Congress on Neuromuscular Diseases (ICNMD 2027),Standard registration deadline,2027-05-28,no,registration,Chiba,JP,https://icnmd.org/
psi-2027,Postpartum Support International 40th Annual Conference 2027,Presentation proposal submission,2027-01-06,yes,submission,Chicago,US,https://postpartum.net/professionals/psi-conference/
iocdf-2027,32nd Annual OCD Conference 2027 (International OCD Foundation),Research Symposium proposal submission opens,2027-01-04,yes,opens,New York,US,https://iocdf.org/programs/conferences/
iocdf-2027,32nd Annual OCD Conference 2027 (International OCD Foundation),Research Symposium proposal submission,2027-02-08,yes,submission,New York,US,https://iocdf.org/programs/conferences/
aaic-2027,Alzheimer's Association International Conference 2027,Abstract submission opens,2027-01-18,yes,opens,Chicago,US,https://aaic.alz.org/registration.asp
aaic-2027,Alzheimer's Association International Conference 2027,Early registration,2027-03-15,yes,registration,Chicago,US,https://aaic.alz.org/registration.asp
apa-psychological-convention-2027,APA 2027 Convention (American Psychological Association),Preconvention CE workshop proposal submission,2026-12-21,yes,submission,San Francisco,US,https://convention.apa.org/attend/future-conventions
apa-psychological-convention-2027,APA 2027 Convention (American Psychological Association),Division session and poster proposal submission,2027-01-13,yes,submission,San Francisco,US,https://convention.apa.org/attend/future-conventions
isam-annual-2027,Annual Global ISAM Congress 2027,Abstract submission,2027-02-26,yes,submission,Seattle,US,https://isamweb.org/annual/
esc-congress-2027,ESC Congress 2027,Abstract submission,2027-03-01,yes,submission,Milan,IT,https://www.escardio.org/events/congresses/esc-congress/future-destinations/
isctm-autumn-2027,ISCTM 2027 Autumn Conference (joint day with ECNP),Poster submission,2027-06-24,yes,submission,Barcelona,ES,https://isctm.org/meeting/2027-autumn-conference-includes-joint-day-with-ecnp/
ecnp-congress-2027,40th ECNP Congress 2027,Abstract submission,2027-04-22,yes,submission,Barcelona,ES,https://www.ecnp.eu/meetings/ecnp-congresses/
ecnp-congress-2027,40th ECNP Congress 2027,Early fee registration,2027-05-05,yes,registration,Barcelona,ES,https://www.ecnp.eu/meetings/ecnp-congresses/
mds-congress-2027,MDS International Congress of Parkinson's Disease and Movement Disorders 2027,Abstract submission opens,2026-12-08,yes,opens,Amsterdam,NL,https://www.mdscongress.org/Abstracts/Submissions
mds-congress-2027,MDS International Congress of Parkinson's Disease and Movement Disorders 2027,Abstract submission deadline,2027-03-07,yes,submission,Amsterdam,NL,https://www.mdscongress.org/Abstracts/Submissions
sfn-neuroscience-2027,Society for Neuroscience Neuroscience 2027,Symposium and session proposals,2027-01-15,yes,submission,Chicago,US,https://www.sfn.org/meetings
sfn-neuroscience-2027,Society for Neuroscience Neuroscience 2027,Abstract submission,2027-05-20,yes,submission,Chicago,US,https://www.sfn.org/meetings
sfn-neuroscience-2027,Society for Neuroscience Neuroscience 2027,Late breaking abstract submission,2027-08-24,yes,submission,Chicago,US,https://www.sfn.org/meetings
aacap-annual-2027,AACAP 74th Annual Meeting 2027,"General submission deadline (Clinical Perspectives, Symposia, Workshops, Institutes, Media Theatre, Posters)",2027-02-11,yes,submission,New York,US,https://www.aacap.org/aacap/CME_and_Meetings/Future_Annual_Meetings.aspx
aacap-annual-2027,AACAP 74th Annual Meeting 2027,Late New Research Poster submission deadline,2027-06-03,yes,submission,New York,US,https://www.aacap.org/aacap/CME_and_Meetings/Future_Annual_Meetings.aspx
aanem-annual-2027,2027 AANEM Annual Meeting,Abstract submission opens,2027-01-01,no,opens,San Antonio,US,https://www.aanem.org/meetings/annual-meeting/abstract-information-submission
aanem-annual-2027,2027 AANEM Annual Meeting,Abstract submission,2027-03-15,no,submission,San Antonio,US,https://www.aanem.org/meetings/annual-meeting/abstract-information-submission
aapl-annual-2027,AAPL 58th Annual Meeting 2027,Call for papers deadline,2027-03-01,yes,submission,San Antonio,US,https://aapl.org/58th-annual-meeting/
wpa-world-congress-2027,27th World Congress of Psychiatry (WCP 2027),Session proposal submission,2027-03-15,yes,submission,Cartagena,CO,https://www.wpanet.org/upcoming-congresses-events/
wpa-world-congress-2027,27th World Congress of Psychiatry (WCP 2027),Abstract submission,2027-05-01,yes,submission,Cartagena,CO,https://www.wpanet.org/upcoming-congresses-events/
wpa-world-congress-2027,27th World Congress of Psychiatry (WCP 2027),Early registration,2027-07-15,yes,registration,Cartagena,CO,https://www.wpanet.org/upcoming-congresses-events/
cpa-annual-conference-2027,Canadian Psychiatric Association 77th Annual Conference 2027,Abstract submission,2027-02-01,yes,submission,Toronto,CA,https://www.cpa-apc.org/future-conferences/
cpa-annual-conference-2027,Canadian Psychiatric Association 77th Annual Conference 2027,Early registration,2027-10-22,yes,registration,Toronto,CA,https://www.cpa-apc.org/future-conferences/
aaap-annual-2027,AAAP 38th Annual Meeting and Scientific Symposium 2027,Early bird registration deadline,2027-10-01,yes,registration,Washington,US,https://www.aaap.org/training-events/annual-meeting/about-the-aaap-annual-meeting/
aao-annual-2027,AAO 2027 Annual Meeting,Instruction course submission opens,2026-12-10,no,opens,Las Vegas,US,https://www.aao.org/annual-meeting/presenter/dates
aao-annual-2027,AAO 2027 Annual Meeting,Instruction course submission deadline,2027-01-12,no,submission,Las Vegas,US,https://www.aao.org/annual-meeting/presenter/dates
aao-annual-2027,AAO 2027 Annual Meeting,Paper/poster and video submission opens,2027-03-11,no,opens,Las Vegas,US,https://www.aao.org/annual-meeting/presenter/dates
aao-annual-2027,AAO 2027 Annual Meeting,Paper/poster and video submission deadline,2027-04-13,no,submission,Las Vegas,US,https://www.aao.org/annual-meeting/presenter/dates
aao-annual-2027,AAO 2027 Annual Meeting,Instruction course acceptance notification,2027-04-15,yes,notification,Las Vegas,US,https://www.aao.org/annual-meeting/presenter/dates
aao-annual-2027,AAO 2027 Annual Meeting,Instruction course schedule notification,2027-05-15,yes,notification,Las Vegas,US,https://www.aao.org/annual-meeting/presenter/dates
aao-annual-2027,AAO 2027 Annual Meeting,Paper/poster and video notification,2027-07-15,yes,notification,Las Vegas,US,https://www.aao.org/annual-meeting/presenter/dates
abct-2027,ABCT 61st Annual Convention 2027,Ticketed session submission,2027-02-05,yes,submission,New Orleans,US,https://www.abct.org/convention-ce/annual-conventions/
abct-2027,ABCT 61st Annual Convention 2027,General session submission opens,2027-02-08,yes,opens,New Orleans,US,https://www.abct.org/convention-ce/annual-conventions/
abct-2027,ABCT 61st Annual Convention 2027,General session submission,2027-03-12,yes,submission,New Orleans,US,https://www.abct.org/convention-ce/annual-conventions/
abct-2027,ABCT 61st Annual Convention 2027,Early registration,2027-10-15,yes,registration,New Orleans,US,https://www.abct.org/convention-ce/annual-conventions/
acnp-annual-2028,ACNP 66th Annual Meeting 2028,Travel award application,2027-05-13,yes,award,Paradise Island,BS,https://acnp.org/annual-meeting/dates-locations/
acnp-annual-2028,ACNP 66th Annual Meeting 2028,"Panel, mini-panel and study group final submission",2027-06-03,yes,submission,Paradise Island,BS,https://acnp.org/annual-meeting/dates-locations/
acnp-annual-2028,ACNP 66th Annual Meeting 2028,Poster abstract submission,2027-08-26,yes,submission,Paradise Island,BS,https://acnp.org/annual-meeting/dates-locations/
cinp-world-congress-2028,CINP 38th World Congress of Neuropsychopharmacology 2028,Abstract submission,2028-01-10,yes,submission,Rio de Janeiro,BR,https://cinp.org/congress
iacapap-world-congress-2028,28th World Congress of IACAPAP 2028,Abstract submission,2028-04-15,yes,submission,Auckland,NZ,https://www.iacapap-congress.com/information/iacapap-2028.html
wccbt-world-congress-2029,12th World Congress of Cognitive and Behavioural Therapies 2029 (WCCBT 2029),Abstract submission,2029-01-12,yes,submission,Foz do Iguaçu,BR,https://wccbt.org/world-congress-2029/
ctmss-annual-2027,Clinical TMS Society 15th Annual Meeting 2027,Poster abstract submission opens,2026-12-01,yes,opens,Chicago,US,https://clinicaltmssociety.org/annual-meeting/
ctmss-annual-2027,Clinical TMS Society 15th Annual Meeting 2027,Poster abstract submission,2027-02-01,yes,submission,Chicago,US,https://clinicaltmssociety.org/annual-meeting/
iced-2027,International Conference on Eating Disorders (ICED) 2027,Abstract submission (first portal),2026-10-30,no,submission,Phoenix,US,https://web.cvent.com/event/d17b9de3-6f72-4cf8-bd9b-37fadde6e67d/summary
iced-2027,International Conference on Eating Disorders (ICED) 2027,Abstract submission (second portal),2026-11-17,no,submission,Phoenix,US,https://web.cvent.com/event/d17b9de3-6f72-4cf8-bd9b-37fadde6e67d/summary
iced-2027,International Conference on Eating Disorders (ICED) 2027,AED Fellows application,2027-01-11,no,award,Phoenix,US,https://web.cvent.com/event/d17b9de3-6f72-4cf8-bd9b-37fadde6e67d/summary
iced-2027,International Conference on Eating Disorders (ICED) 2027,AED Fellows nomination,2027-01-31,no,award,Phoenix,US,https://web.cvent.com/event/d17b9de3-6f72-4cf8-bd9b-37fadde6e67d/summary
nida-international-forum-2027,2027 NIDA International Forum,Poster abstract submission,2027-03-22,yes,submission,,,https://nida.nih.gov/international/international-forum
rsa-annual-2027,Research Society on Alcohol Annual Scientific Meeting 2027,Abstract submission opens,2026-10-14,no,opens,,,https://researchsocietyonalcohol.org/2026-meeting/
srp-annual-2027,Society for Research in Psychopathology 2027 Annual Meeting,Abstract submission,2027-04-19,yes,submission,Detroit,US,https://psychopathology.org/annual-meeting/future-dates-and-locations/
uiuc-carle-illinois-health-innovation-research-day-2027,Health Innovation Research Day 2027,Abstract submission,2027-03-06,yes,submission,Urbana,US,https://medicine.illinois.edu/about/global-consortium/health-innovation-research-day
uiuc-cozad-new-venture-challenge-2027,Cozad New Venture Challenge 2027,Registration deadline,2027-02-01,yes,registration,Champaign,US,https://landuyt.illinois.edu/programs/cozad/schedule
uiuc-cozad-new-venture-challenge-2027,Cozad New Venture Challenge 2027,Finals and Demo Day,2027-04-17,yes,submission,Champaign,US,https://landuyt.illinois.edu/programs/cozad/schedule
