id,name,short_name,organizer,organizer_url,edition_url,areas,tags,start_date,end_date,format,city,region_name,country,venue,lat,lon,description,deadlines,confidence,notes,sources
marce-2026,International Marcé Society Biennial Conference 2026,Marcé 2026,International Marcé Society for Perinatal Mental Health,https://marcesociety.com/,https://marceconference2026.com/,psychiatry,perinatal; international; global,2026-09-06,2026-09-09,in-person,Cape Town,Western Cape,ZA,Century City Conference Centre,-33.8912,18.5108,"The International Marcé Society biennial conference is held September 6 to 9, 2026 at the Century City Conference Centre in Cape Town, the society's first meeting in Africa. The theme is Ubuntu and the event is exclusively in person.",Preconference workshop abstract submission = 2025-11-30; Oral and poster abstract submission = 2026-03-15; Symposium abstract submission = 2026-03-15; Acceptance notifications = 2026-05-15; Early registration = 2026-06-30; Presenter registration deadline = 2026-07-30,high,The meeting ends on the access date. The next international biennial (2028) is not yet listed on marcesociety.com.,https://marceconference2026.com/; https://marceconference2026.com/call-for-abstracts/; https://marceconference2026.com/registration-form/; https://marcesociety.com/meetings/marce-meetings/
psych-congress-2026,Psych Congress 2026,Psych Congress 2026,HMP Global,https://www.hmpglobalevents.com/,https://www.hmpglobalevents.com/psych-congress,psychiatry,psychopharmacology; general-psychiatry,2026-09-15,2026-09-19,in-person,New Orleans,Louisiana,US,New Orleans Ernest N. Morial Convention Center,29.9407,-90.063,"A clinical psychopharmacology conference for psychiatrists, nurse practitioners and other prescribers, organized by HMP Global. Poster sessions take place in the exhibit hall on September 17 and 18, 2026.",Poster abstract submission opens = 2026-03-26; Poster submission for Latest Discoveries and Emerging Trends sessions = 2026-07-27; Poster abstract submission deadline = 2026-08-07,high,"All 2026 submission deadlines have passed as of September 9, 2026. Psych Congress 2027 dates and city are not yet published on HMP Global pages. Registration tier deadlines were not found (registration page returned 404).",https://www.hmpglobalevents.com/psych-congress/poster-abstracts; https://www.hmpglobalevents.com/psych-congress; https://hotels.hmpglobalevents.com/events/psych-congress; https://www.hmpglobalevents.com/psychcongressportfolio; https://www.conferenceabstracts.com/uploads/documents/25073/PsychCongressPosters2025_SubmissionGuidelines.pdf
isctm-autumn-2026,ISCTM 2026 Autumn Conference,ISCTM Autumn 2026,International Society for CNS Clinical Trials and Methodology,https://isctm.org/,https://isctm.org/meeting/2026-autumn-conference/,psychiatry,clinical-trials; psychopharmacology,2026-09-16,2026-09-17,in-person,Philadelphia,Pennsylvania,US,The Westin Philadelphia,39.952,-75.1684,"The ISCTM 2026 Autumn Conference meets September 16 to 17, 2026, at the Westin Philadelphia. Sessions cover biomarkers, novel endpoints in mood and psychosis trials, neuromodulation and digital health technologies; poster submissions closed June 18, 2026.",Poster submission = 2026-06-18; Speaker abstract submission = 2026-07-01; Speaker slide submission = 2026-09-03,high,The meeting registration site (isctmautumn.societyconference.com) is JavaScript rendered; registration deadlines were not visible.,https://isctm.org/upcoming-at-isctm/; https://isctm.org/2026-autumn-conference-speakers-corner/; https://isctm.org/
istss-2026,ISTSS 42nd Annual Meeting 2026,ISTSS 2026,International Society for Traumatic Stress Studies,https://istss.org/,https://istss.org/annual-meeting-hub/,psychiatry,trauma; psychology; international,2026-09-23,2026-09-26,,San Antonio,Texas,US,San Antonio Marriott Rivercenter on the River Walk,29.4237,-98.4852,"The 42nd ISTSS Annual Meeting is held in San Antonio under the theme Traumatic Stress in a Troubled World: Collaboration on Evidence and Action. The program includes premeeting institutes, keynotes, symposia, papers, flash talks and posters.",Proposal submission = 2026-02-19; Registration cancellation deadline = 2026-08-14,high,Meeting begins two weeks after the access date. No early registration deadline is shown on the current hub; the registration page still displays 2024 tiers. No information about the 2027 (43rd) meeting was found on istss.org.,https://istss.org/annual-meeting-hub/; https://istss.org/meetings-events/upcoming-events/; https://istss.org/wp-content/uploads/2026/01/2026-Call-for-Proposals.pdf
wpa-world-congress-2026,26th World Congress of Psychiatry (WCP 2026),WPA WCP 2026,World Psychiatric Association,https://www.wpanet.org/,https://wcp-congress.com/,psychiatry,general-psychiatry; international; global,2026-09-23,2026-09-26,in-person,Stockholm,Stockholm County,SE,Stockholmsmässan,59.2787,18.0154,"The 26th World Congress of Psychiatry is organized by the World Psychiatric Association together with the Swedish Psychiatric Association under the theme Guided by Compassion, Grounded in Science: Psychiatry for Our Time. The programme covers clinical, research and policy topics across psychiatry.",Session proposal submission = 2026-02-09; Fellowship applications = 2026-03-19; Abstract submission = 2026-03-23; Early registration = 2026-06-02; Regular registration = 2026-08-18,high,All submission deadlines have passed; registration remains open at the late rate. The congress rotates between regions each year.,https://wcp-congress.com/; https://wcp-congress.com/general-information/; https://www.wpanet.org/upcoming-congresses-events/; https://2025.wcp-congress.com/abstract-submission/
acs-clinical-congress-2026,Clinical Congress 2026,ACS CC 2026,American College of Surgeons,https://www.facs.org,https://www.facs.org/for-medical-professionals/conferences-and-meetings/clinical-congress-2026/,surgery,surgery; student-resident-research,2026-09-26,2026-09-29,hybrid,Washington,District of Columbia,US,Walter E. Washington Convention Center,38.9047,-77.0233,"Clinical Congress is the annual educational meeting of the American College of Surgeons, offering courses, scientific sessions, and abstract presentations across surgical specialties. The 2026 edition takes place at the Walter E. Washington Convention Center and includes in person attendance with virtual participation options.","General scientific abstract, surgical video, and history poster submission = 2026-03-02; High-Impact Clinical Trials and Studies submission opens = 2026-06-01; High-Impact Clinical Trials and Studies submission = 2026-07-01; Medical Student Program abstract submission = 2026-06-26",high,"Venue name (Walter E. Washington Convention Center) confirmed via a secondary ACS exhibitor/planning summary rather than the primary landing page, which did not name the venue directly. No early registration deadline date was found on the fetched pages; registration was described as open with an unspecified early-bird rate.",https://www.facs.org/for-medical-professionals/conferences-and-meetings/clinical-congress-2026/; https://www.facs.org/for-medical-professionals/conferences-and-meetings/clinical-congress-2026/call-for-abstracts/; https://www.facs.org/for-medical-professionals/news-publications/news-and-articles/acs-brief/february-24-2026-issue/last-call-for-clinical-congress-2026-abstracts-submit-by-march-2/
astro-annual-2026,2026 ASTRO Annual Meeting,ASTRO 2026,American Society for Radiation Oncology,https://www.astro.org,https://www.astro.org/meetings-and-education/micro-sites/2026/annual-meeting,oncology,radiation-oncology; cancer-research; clinical-trials,2026-09-26,2026-09-30,hybrid,Boston,Massachusetts,US,Thomas M. Menino Convention and Exhibition Center,42.3453,-71.0392,The ASTRO Annual Meeting is the annual meeting of the American Society for Radiation Oncology for radiation oncology clinicians and researchers. The 2026 meeting is held in Boston with a virtual attendance option.,Abstract submission = 2026-02-24; Notification of abstract acceptance = 2026-05-14; Registration opens = 2026-05-14; Early registration = 2026-06-25,medium,Direct fetches of astro.org returned HTTP 402 for this session; data was drawn from search engine snippets of official ASTRO pages instead of full page fetches.,https://www.astro.org/meetings-and-education/micro-sites/2026/annual-meeting/learn/scientific-program/abstracts; https://www.astro.org/news-and-publications/news-and-media-center/news-releases/2026/astro-to-host-annual-meeting-in-boston; https://www.astro.org/meetings-and-education/micro-sites/2026/annual-meeting/attend/registration
accp-clinpharm-annual-2026,2026 Annual Meeting of the American College of Clinical Pharmacology,ACCP 2026,American College of Clinical Pharmacology,https://accp1.org,https://accp1.org/Members/ACCP1/3Annual_Meeting/2026-ACCP-Annual-Meeting.aspx,pharmacy,pharmacy; translational; education,2026-09-27,2026-09-29,,North Bethesda,Maryland,US,Bethesda North Marriott Hotel & Conference Center,39.0447,-77.1153,"The American College of Clinical Pharmacology holds its 2026 annual meeting in North Bethesda, Maryland. The program includes symposia, a pre-meeting workshop on cardiac safety in drug development, and a clinical pharmacology review course jointly sponsored with the American Board of Clinical Pharmacology.",Early registration = 2026-06-30,medium,Official accp1.org meeting page blocked direct fetching (HTTP 403); details confirmed via a PR Newswire release distributed by ACCP and search engine snippets of the official page. Note this organization (American College of Clinical Pharmacology) is distinct from the similarly abbreviated American College of Clinical Pharmacy.,https://www.prnewswire.com/news-releases/2026-annual-meeting-of-the-american-college-of-clinical-pharmacology-302747501.html; https://accp1.org/Members/ACCP1/3Annual_Meeting/2026-ACCP-Annual-Meeting.aspx
isbd-annual-2026,ISBD 28th Annual Conference 2026,ISBD 2026,International Society for Bipolar Disorders,https://www.isbd.org/,https://www.isbd.org/annual-conference/,psychiatry,mood-disorders; international,2026-09-28,2026-09-30,in-person,Vancouver,British Columbia,CA,The Westin Bayshore Vancouver,49.2926,-123.1264,"The 28th ISBD Annual Conference runs September 28 to 30, 2026, at the Westin Bayshore in Vancouver with about 700 attendees expected. All abstract and travel award submissions are closed and notifications have been sent; registration remains open.",Registration cancellation for partial refund = 2026-08-14; Hotel block reservation = 2026-08-27,high,"The ISBD submissions page (isbd.org/submissions) returns 404, so the 2026 abstract deadline could not be recovered. One ISBD news post gives the dates as September 29 to 30; the conference page and program (opening ceremony Monday September 28) support September 28 to 30.",https://www.isbd.org/annual-conference/; https://www.isbd.org/registration-open-for-isbd-2026-conference/; https://onlinelibrary.wiley.com/toc/13995618/2025/27/S1
uiuc-pn-innovation-day-2026,Personalized Nutrition Initiative Innovation Day 2026,PN Innovation Day 2026,"Personalized Nutrition Initiative, University of Illinois Urbana-Champaign",https://personalizednutrition.research.illinois.edu,https://personalizednutrition.research.illinois.edu/2026-pn-innovation-day/,public-health; endocrinology,uiuc; obesity; endocrine; health-services; illinois,2026-09-28,2026-09-30,in-person,Urbana,Illinois,US,"Illini Union, University of Illinois Urbana-Champaign",40.1092,-88.2276,"PN Innovation Day is the Personalized Nutrition Initiative's annual meeting bringing together university researchers and external partners around personalized nutrition research, with a call for abstracts. The 2026 edition runs September 28 to 30, 2026 at the Illini Union, including a clinical research facility tour and welcome dinner, the main programming day, and an external partners program meeting.",Abstract submission deadline = 2026-08-24,high,"The event was formerly a one day symposium (for example in 2021) and has since expanded into a multi-day Innovation Day. The abstract deadline has already passed relative to the September 10, 2026 access date, but the event itself is still upcoming.",https://personalizednutrition.research.illinois.edu/2026-pn-innovation-day/; https://personalizednutrition.research.illinois.edu/events/past-events/
aanem-annual-2026,2026 AANEM Annual Meeting,AANEM 2026,American Association of Neuromuscular and Electrodiagnostic Medicine,https://www.aanem.org/,https://www.aanem.org/meetings/annual-meeting,neurology,neuromuscular,2026-09-29,2026-10-02,in-person,Orlando,Florida,US,Signia by Hilton Orlando Bonnet Creek,28.3843,-81.5563,"The American Association of Neuromuscular and Electrodiagnostic Medicine holds its annual meeting in Orlando, Florida, with sessions on electrodiagnostic medicine and neuromuscular disease. The program includes the Myasthenia Gravis Foundation of America scientific session on September 29.",Abstract submission opens = 2026-01-01; Abstract submission = 2026-03-15; MGFA Scientific Session abstract submission opens = 2026-03-09; MGFA Scientific Session abstract submission = 2026-05-01; Early registration = 2026-07-14; Regular registration = 2026-08-31,high,,https://www.aanem.org/; https://www.aanem.org/meetings/annual-meeting; https://www.aanem.org/meetings/annual-meeting/abstract-information-submission; https://www.aanem.org/meetings/annual-meeting/registration-information; https://r.jina.ai/https://www.newswise.com/articles/abstract-submission-open-for-2026-aanem-annual-meeting
wcpg-2026,World Congress of Psychiatric Genetics 2026,WCPG 2026,International Society of Psychiatric Genetics,https://ispg.net/,https://ispg.net/wcpg-2026/,psychiatry,genetics; biological-psychiatry; international,2026-09-29,2026-10-03,in-person,Glasgow,Scotland,GB,Scottish Event Campus (SEC),55.8607,-4.288,"WCPG 2026 takes place September 29 to October 3, 2026, at the Scottish Event Campus in Glasgow under the theme Understanding Today, Translating Tomorrow. Abstract and early career award deadlines passed in spring 2026; registration is open.",Symposium chair submission = 2026-03-19; Symposium participant submission = 2026-03-26; Oral and poster abstract submission = 2026-05-14; Early Career Investigator Program award application = 2026-05-14; Accepted speaker registration = 2026-07-01,high,"No location or dates for WCPG 2027 are published on ispg.net as of September 2026, so no 2027 entry is included.",https://ispg.net/wcpg-2026/; https://ispg.net/; https://www.emedevents.com/c/medical-conferences-2026/world-congress-of-psychiatric-genetics-wcpg-2026
wms-congress-2026,World Muscle Society 31st International Annual Congress 2026,WMS 2026,World Muscle Society,https://www.worldmusclesociety.org,https://www.wms2026.com/,neurology; neuroscience,neuromuscular,2026-09-29,2026-10-03,,Hiroshima,Hiroshima Prefecture,JP,,34.3853,132.4553,"The World Muscle Society Congress is the society's annual international meeting on neuromuscular disorders. The 2026 congress is the 31st edition and is being held in Hiroshima, Japan.",,medium,Abstract submission and registration deadline pages on wms2026.com could not be read directly (site presented a login/navigation shell rather than deadline text); venue within Hiroshima was not found. Dates and city are confirmed on the parent worldmusclesociety.org site.,https://www.worldmusclesociety.org/m/events/view/wms-31-hiroshima-japan; https://www.wms2026.com/
isam-annual-2026,28th Annual Global ISAM Congress (ISAM 2026),ISAM 2026,International Society of Addiction Medicine (ISAM),https://isamweb.org/,https://www.isam2026rotterdam.org/,addiction-medicine; psychiatry,addiction; general-psychiatry; international; global,2026-10-01,2026-10-03,in-person,Rotterdam,South Holland,NL,De Doelen,51.9198,4.4736,"The International Society of Addiction Medicine holds its 28th annual global congress in Rotterdam, Netherlands, from October 1 to 3, 2026, at the De Doelen venue. The program is organized around the theme of improving addiction treatment outcomes by addressing established and emerging challenges in the field.",Abstract submission opens = 2025-10-01 (estimated); Abstract submission = 2026-03-31; Abstract notification of review outcomes = 2026-06-01 (estimated); Early registration = 2026-06-30; Travel award application = 2026-06-01; Registration deadline for presenting authors = 2026-07-01; Late-breaking poster submission opens = 2026-07-01; Late-breaking abstract submission = 2026-09-01; Late-breaking presenter registration deadline = 2026-09-20,high,"Minor discrepancy between the official congress site (isam2026rotterdam.org, abstract deadline 31 March 2026, weekday-consistent) and the parent society page (isamweb.org/annual/, which states 21 March 2026). The 31 March 2026 date was used as primary. Maintainer should periodically recheck isam2026rotterdam.org for corrections.",https://www.isam2026rotterdam.org/; https://www.isam2026rotterdam.org/abstract-information/; https://www.isam2026rotterdam.org/registration/; https://isamweb.org/annual/
aap-nce-2026,2026 AAP National Conference & Exhibition,AAP NCE 2026,American Academy of Pediatrics,https://www.aap.org,https://aapexperience.org/,pediatrics,pediatrics; education; community; primary-care,2026-10-02,2026-10-06,hybrid,San Diego,California,US,San Diego Convention Center,32.7062,-117.1611,"The American Academy of Pediatrics hosts its annual National Conference and Exhibition for pediatricians, pediatric subspecialists, residents and other child health professionals. The 2026 edition is held at the San Diego Convention Center with in person and virtual attendance options.",Abstract submission opens = 2026-02-06; Abstract submission deadline = 2026-04-10; Registration opens for members = 2026-05-01; Registration opens for nonmembers = 2026-05-08; Early registration deadline = 2026-08-21,medium,"The primary aapexperience.org domain returned HTTP 503 to direct automated fetches during this research session; the archive.aapexperience.org mirror was fetchable directly and corroborated the dates. Deadline details for this 2026 edition (all in the past relative to today, 2026-09-10) were obtained from search engine snippets of the official pages rather than direct page fetches, so confidence is medium rather than high.",https://archive.aapexperience.org/future-dates/; https://publications.aap.org/aapnews/news/34822/Registration-opens-for-the-2026-AAP-National; https://aapexperience.org/conference-registration/; https://aapexperience.org/abstracts/
illinois-psychiatric-society-annual-2026,Illinois Psychiatric Society Annual Meeting 2026,IPS Annual Meeting 2026,Illinois Psychiatric Society,https://www.illinoispsychiatricsociety.org/,https://www.illinoispsychiatricsociety.org/events-awardsupcoming-events-1/annual-meeting-2026,psychiatry,general-psychiatry; illinois,2026-10-03,2026-10-03,in-person,Countryside,Illinois,US,William Tell Hotel (formerly Holiday Inn Countryside),41.7965,-87.8783,"One day scientific meeting of the APA district branch for Illinois, held in the Chicago suburbs with a themed program, a trainee poster competition and an awards dinner. The 2026 theme is The Elephant in the Waiting Room: Confronting Today's Psychiatric Challenges.",Early bird registration = 2026-08-28; Registration cancellation deadline = 2026-09-15; Standard registration deadline = 2026-09-18,high,"No separate APA Area 4 or Illinois resident research poster event was found; the IPS poster competition at the annual meeting is the Illinois trainee poster venue, and IPS hosts a networking Meet and Greet at the APA Annual Meeting. For 2027, expect a similar late summer poster deadline and a September or October meeting date; nothing published yet. Coordinates are approximate for the hotel at Joliet Road, Countryside.",https://www.illinoispsychiatricsociety.org/events-awardsupcoming-events-1/annual-meeting-2026; https://www.illinoispsychiatricsociety.org/events-awardsupcoming-events-1/poster-session-at-the-ips-annual-meeting-gnhs2-e94ks-gp6r9; https://www.illinoispsychiatricsociety.org/events-awardsupcoming-events-1
mds-congress-2026,MDS International Congress of Parkinson's Disease and Movement Disorders 2026,MDS Congress 2026,International Parkinson and Movement Disorder Society (MDS),https://www.movementdisorders.org,https://www.mdscongress.org/,neurology,movement-disorders,2026-10-04,2026-10-08,in-person,Seoul,,KR,COEX Convention and Exhibition Center,37.5115,127.0595,"The International Congress of Parkinson's Disease and Movement Disorders is the annual scientific meeting of the International Parkinson and Movement Disorder Society, covering research and clinical care in Parkinson's disease and other movement disorders. The 2026 congress is scheduled for October 4 to 8, 2026, at the COEX Convention and Exhibition Center in Seoul, South Korea, and has not yet concluded as of September 10, 2026.",Abstract submission opens = 2025-12-15; Abstract submission deadline = 2026-03-15,high,"Congress dates and venue for 2026 are confirmed directly on official mdscongress.org pages. Notification date is stated only as 'May 2026' without a specific day, so it is not listed as a discrete deadline. Late-breaking abstract original submission window dates could not be found on the current site (only a closure notice and a later presentation-upload deadline were available) and are left out rather than guessed.",https://www.mdscongress.org/About/Past-future; https://www.mdscongress.org/; https://www.mdscongress.org/Abstracts/Submissions; https://www.mdscongress.org/Abstracts/Late-breaking
acep-scientific-assembly-2026,ACEP26 Scientific Assembly,ACEP26,American College of Emergency Physicians,https://www.acep.org,https://www.acep.org/sa,emergency-medicine,emergency-medicine,2026-10-05,2026-10-08,,Chicago,Illinois,US,McCormick Place,41.8517,-87.6167,The ACEP Scientific Assembly is the American College of Emergency Physicians' annual educational meeting for emergency medicine. ACEP26 takes place at McCormick Place in Chicago and includes the ACEP Research Forum.,Research Forum abstract submission opens = 2026-03-04,high,The Research Forum abstract submission closing date could not be found on acep.org pages that were accessible; only the opening date is confirmed.,https://www.acep.org/sa; https://www.acep.org/sa/education/acep26-rf
wcap-world-congress-asian-psychiatry-2026,11th World Congress of Asian Psychiatry (WCAP 2026),WCAP 2026,Asian Federation of Psychiatric Associations,https://www.afpa.asia/,https://www.wcap2026.jp/,psychiatry,general-psychiatry; international; cultural,2026-10-06,2026-10-08,,Sapporo,Hokkaido,JP,"Hokkaido University, Clark Memorial Student Center",43.0796,141.3373,"The 11th World Congress of Asian Psychiatry is organized by the Asian Federation of Psychiatric Associations in partnership with the World Psychiatric Association at Hokkaido University under the theme Harmonization between Urbanization and Nature in Future Mental Health. The programme includes keynote lectures, symposia, workshops and oral and poster presentations.",Symposium and workshop proposal submission opens = 2025-11-05; Symposium and workshop proposal submission = 2026-02-28; Abstract submission opens = 2025-12-25; Oral abstract submission = 2026-04-06; Poster abstract submission = 2026-04-30; Presenter registration = 2026-07-31; Early registration = 2026-08-16; Regular registration = 2026-09-15,high,Submission deadlines have passed; regular registration closes 15 September 2026. The 12th WCAP has not been announced.,https://www.wcap2026.jp/; https://www.wcap2026.jp/submission.html; https://www.wcap2026.jp/registration.html; http://afpa.asia/en/activity.html
uiuc-uic-psychiatry-research-forum-2026,UIC Department of Psychiatry 17th Annual Research Forum (Extravaganza) 2026,UIC Psychiatry Extravaganza 2026,"Department of Psychiatry, University of Illinois College of Medicine (UIC)",https://www.psych.uic.edu,https://www.psych.uic.edu/extravaganza,psychiatry,uiuc; general-psychiatry; student-resident-research; illinois,2026-10-07,2026-10-07,in-person,Chicago,Illinois,US,"COMRB Moss Auditorium, 909 S. Wolcott Ave, Chicago, IL",41.8708,-87.6505,"The Department of Psychiatry's annual Research Forum, known informally as the Extravaganza, is a Grand Rounds poster session in which department faculty, residents, fellows and students present psychiatric research for a competitive poster award. The 17th annual edition is scheduled for October 7, 2026, with abstract submissions opening September 2, 2026.",Abstract submission opens = 2026-09-02; Abstract submission deadline = 2026-09-30,medium,Direct HTTPS fetches of psych.uic.edu failed with a certificate error; all psych.uic.edu content used here was retrieved via the r.jina.ai text proxy. Two official-looking pages give slightly different abstract windows (September 2 to September 30 versus September 1 to October 15); the maintainer should verify directly before publishing the deadline.,https://www.psych.uic.edu/extravaganza; https://www.psych.uic.edu/events/grand-rounds; https://www.psych.uic.edu/extravaganza/poster-session
cfha-annual-2026,CFHA 2026 Annual Conference,CFHA 2026,Collaborative Family Healthcare Association,https://www.cfha.net,https://www.integratedcareconference.com/our-2026-conference/,psychiatry; psychology; family-medicine,integrated-care; behavioral; primary-care; health-services,2026-10-08,2026-10-10,,St. Louis,Missouri,US,,38.627,-90.1994,"The Collaborative Family Healthcare Association holds its annual Integrated Care Conference in St. Louis, Missouri. The program focuses on team based, whole person approaches that combine medicine and behavioral health.",,medium,Venue name and specific submission or registration deadlines were not found on the pages checked; only overall conference dates and city are confirmed. The registration portal at cfha.swoogo.com/2026_Annual_Conference should be checked directly for deadline specifics.,https://www.integratedcareconference.com/our-2026-conference/; https://www.cfha.net/event/cfha-annual-conference/
srp-annual-2026,Society for Research in Psychopathology 2026 Annual Meeting,SRP 2026,Society for Research in Psychopathology,https://psychopathology.org/,https://psychopathology.org/annual-meeting-2/,psychiatry,psychology; biological-psychiatry; schizophrenia; mood-disorders,2026-10-08,2026-10-11,in-person,Columbus,Ohio,US,Hyatt Regency Columbus,39.97,-83.0022,"The SRP 2026 Annual Meeting runs October 8 to 11, 2026, at the Hyatt Regency Columbus in Columbus, Ohio. Abstract submission, which requires SRP membership, closed April 20, 2026; registration is open.",Abstract submission = 2026-04-20; Early bird registration = 2026-08-23,high,An Ohio State football game is in Columbus the same weekend; the society advises booking early. Overflow hotel is the Sonesta Columbus Downtown.,https://psychopathology.org/annual-meeting-2/; https://psychopathology.org/annual-meeting/future-dates-and-locations/; https://psychopathology.org/annual-meeting/general-information/
aan-fall-conference-2026,2026 AAN Fall Conference,AAN Fall Conference 2026,American Academy of Neurology,https://www.aan.com,https://www.aan.com/events/fall-conference,neurology,education,2026-10-09,2026-10-11,hybrid,Las Vegas,Nevada,US,Caesars Palace,36.1162,-115.1745,"The AAN Fall Conference is a continuing medical education meeting from the American Academy of Neurology focused on practice updates rather than original research abstracts. The 2026 edition is held in Las Vegas at Caesars Palace and online, preceded by a one day Advanced Practice Provider conference on October 8.",Registration and housing open = 2026-06-22; Early registration deadline = 2026-08-13; Advance registration and hotel deadline = 2026-09-17,high,"This meeting has no call for abstracts; programming is invited faculty CME content, so no submission or notification deadlines exist. Only the 2026 edition is in scope per the assignment.",https://www.aan.com/events/fall-conference; https://www.aan.com/events/fall-conference/registration; https://www.aan.com/events/fall-conference/programs
aao-annual-2026,AAO 2026 Annual Meeting,AAO 2026,American Academy of Ophthalmology,https://www.aao.org,https://www.aao.org/annual-meeting,ophthalmology,ophthalmology; education,2026-10-09,2026-10-12,in-person,New Orleans,Louisiana,US,Ernest N. Morial Convention Center,29.9403,-90.0693,"AAO 2026 is the American Academy of Ophthalmology's annual meeting, held in New Orleans, Louisiana at the Ernest N. Morial Convention Center from October 9 to 12, 2026. This is the annual meeting of the American Academy of Ophthalmology, distinct from other organizations that share the AAO abbreviation.",Advance registration = 2026-09-09; Membership application deadline to register as a member = 2026-09-15; Abstract acceptance notification (published in Meeting Guide) = 2026-09-01,high,"This record is for the American Academy of Ophthalmology (aao.org), confirmed distinct from the American Academy of Otolaryngology or American Academy of Optometry. The original AAO 2026 abstract submission opening/deadline dates (likely set in late 2025 or early 2026) could not be verified because the live presenter dates page now only displays current and upcoming items for the next edition. The presenter dates page separately lists Subspecialty Day as October 9-10 and the main meeting as October 10-12, while the primary annual-meeting page states the main meeting spans October 9-12; the official annual-meeting page range was used.",https://www.aao.org/annual-meeting; https://www.aao.org/annual-meeting/presenter/dates
acg-annual-2026,ACG 2026 Annual Scientific Meeting,ACG 2026,American College of Gastroenterology,https://gi.org,https://acgmeetings.gi.org/,gastroenterology,gastroenterology; clinical-trials,2026-10-09,2026-10-14,hybrid,Nashville,Tennessee,US,Music City Center,36.159,-86.7775,"The ACG Annual Scientific Meeting is the American College of Gastroenterology's flagship clinical meeting on gastroenterology and hepatology. The 2026 meeting is held in Nashville, Tennessee, with on demand virtual access available afterward.",Abstract submission = 2026-06-01,high,"The late-breaking abstract deadline had already passed and was listed only as closed on the fetched page, without a specific date, so it is omitted rather than guessed. No 2027 ACG meeting information was found.",https://acgmeetings.gi.org/; https://acgmeetings.gi.org/abstracts/
ecnp-congress-2026,39th ECNP Congress 2026,ECNP 2026,European College of Neuropsychopharmacology,https://www.ecnp.eu/,https://www.ecnp.eu/congress2026/,psychiatry,psychopharmacology; neuroscience; international,2026-10-10,2026-10-13,hybrid,Munich,Bavaria,DE,ICM International Congress Center Messe Muenchen,48.1355,11.6975,"The 39th ECNP Congress takes place October 10 to 13, 2026, at the ICM in Munich. Abstract submission closed May 7, 2026, with no late breaking track, and standard fee registration remains open until October 9, 2026.",Abstract submission = 2026-05-07; Early fee registration = 2026-05-20; Abstract notification = 2026-07-15; Presenter registration = 2026-07-22; ePoster and poster upload = 2026-09-08; Standard fee registration = 2026-10-09; Onsite registration closes = 2026-10-13,high,"ECNP Excellence Awards exist for early career scientists but their deadline was not visible on the pages reviewed. Livestreamed sessions remain available to registrants until January 11, 2027.",https://www.ecnp.eu/congress2026/abstract/; https://www.ecnp.eu/congress2026/registration/registration-fees/; https://www.ecnp.eu/meetings/ecnp-congresses/; https://www.ecnp.eu/news/agenda-and-deadlines/
acrm-annual-2026,ACRM 2026 Annual Conference,ACRM 2026,American Congress of Rehabilitation Medicine,https://acrm.org,https://conference.acrm.org/,rehabilitation,rehabilitation; education,2026-10-12,2026-10-16,,Washington,District of Columbia,US,Washington Hilton,38.9128,-77.045,"The ACRM Annual Conference is the main scientific meeting of the American Congress of Rehabilitation Medicine. The 2026 edition takes place in Washington, D.C. from October 12 to 16 at the Washington Hilton.",,medium,"Dates and venue are high confidence from the official conference homepage. Submission wave deadlines and registration deadlines for 2026 could not be verified: the submission-deadlines page still shows what appears to be the prior (2025) cycle's now-closed dates despite a 2026 copyright footer, and the registration page rendered no deadline content for this fetch tool. Maintainer should recheck conference.acrm.org closer to the event.",https://conference.acrm.org/; https://conference.acrm.org/submission-deadlines/
ama-research-challenge-2026,2026 AMA Research Challenge,AMA Research Challenge 2026,American Medical Association,https://www.ama-assn.org,https://www.ama-assn.org/membership/events,medical-education,student-resident-research; education,2026-10-13,2026-10-15,virtual,,,,,,,"The American Medical Association runs its national Research Challenge, a poster competition for medical students and residents. The virtual poster symposium and semifinal round are held October 13 to 15, 2026, with the date of the final round not yet announced.",Abstract submission = 2026-07-16; Abstract submission extended = 2026-07-23,high,Both the abstract submission deadlines and the semifinal dates have already passed as of the research date; the final round date and format have not yet been announced.,https://www.ama-assn.org/membership/events; https://www.ama-assn.org/about/awards
child-neurology-society-annual-2026,55th Child Neurology Society Annual Meeting,Child Neurology Society 2026,Child Neurology Society,https://www.childneurologysociety.org/,https://www.childneurologysociety.org/colleagues/network/cns-annual-meeting/,neurology,pediatrics; child-adolescent; epilepsy,2026-10-14,2026-10-17,in-person,Montreal,Quebec,CA,Palais des congres de Montreal,45.5089,-73.5617,"The Child Neurology Society holds its 55th annual meeting in Montreal, Quebec, with scientific sessions and abstract presentations in pediatric neurology. A resident seminar on epilepsy precedes the main program on October 12 and 13.",Abstract submission = 2026-02-01; Abstract withdrawal deadline = 2026-07-31; Encore abstract eligibility cutoff = 2026-05-03,medium,"Meeting dates and venue are confirmed directly on the official site. The abstract deadline (Feb 1, 2026) is confirmed only via an official social media post since the abstracts page had already closed submissions by the time of access; no early/standard registration deadline could be located on the official site.",https://www.childneurologysociety.org/colleagues/network/cns-annual-meeting/; https://www.childneurologysociety.org/colleagues/network/2026-abstracts-and-posters/; https://x.com/ChildNeuroSoc/status/2017976355586032107
inebria-conference-2026,22nd INEBRIA Conference 2026,INEBRIA 2026,International Network on Brief Interventions for Alcohol and Other Drugs,https://inebria.net/,https://inebria.net/prague-2026/,addiction-medicine; psychiatry; public-health,alcohol; addiction; public-health; global; international,2026-10-14,2026-10-16,in-person,Prague,,CZ,Karolinum Centre,50.087,14.4213,"The International Network on Brief Interventions for Alcohol and Other Drugs holds its 22nd conference at the Karolinum Centre in Prague, Czech Republic from October 14 to 16, 2026. The conference covers brief interventions for alcohol and other drug use across addiction medicine, psychiatry, and public health, with capacity for about 150 participants and no conference fee.",Abstract submission opens = 2026-02-18; Abstract submission deadline = 2026-04-29,high,"Participant confirmation is stated only as mid May 2026 and the formal commitment deadline is stated only as two weeks after acceptance notification, so neither is precise enough to record as a dated deadline entry. Direct WebFetch access to inebria.net failed twice with a TLS certificate error (both https and http); content was retrieved via the r.jina.ai read proxy instead, so a maintainer may want to independently reverify this page loads correctly in a normal browser.",https://inebria.net/prague-2026/
plastic-surgery-the-meeting-2026,Plastic Surgery The Meeting 2026,PSTM 2026,American Society of Plastic Surgeons,https://www.plasticsurgery.org,https://www.plasticsurgerythemeeting.com/,surgery,plastic-surgery,2026-10-15,2026-10-18,in-person,Houston,Texas,US,George R. Brown Convention Center,29.7601,-95.3535,"Plastic Surgery The Meeting is the annual scientific and clinical conference of the American Society of Plastic Surgeons, held jointly with partner societies including the American Society for Maxillofacial Surgery and The Rhinoplasty Society. The 2026 edition takes place at the George R. Brown Convention Center in Houston.",Resident abstract submission opens = 2026-03-04; Resident abstract submission deadline = 2026-04-30; General call abstract submission deadline = 2026-02-26 (estimated); Advance registration deadline = 2026-09-24,medium,"One secondary source (do713.com) listed the meeting as starting October 14, 2026, likely reflecting a pre-conference event rather than the main program; the official programming page's explicit 'Oct. 15 - 18, 2026' range was used. The general call abstract deadline is estimated from a non-ASPS academic tracker since the official system no longer displayed it as open.",https://www.plasticsurgerythemeeting.com/programming; https://www.plasticsurgerythemeeting.com/events; https://www.plasticsurgerythemeeting.com/registration; https://ww6.aievolution.com/asps/index.cfm?do=cnt.page&pg=1013
anesthesiology-2026,ANESTHESIOLOGY 2026 Annual Meeting,ANESTHESIOLOGY 2026,American Society of Anesthesiologists,https://www.asahq.org,https://www.asahq.org/meetings/anesthesiology-annual-meeting,anesthesiology,anesthesia,2026-10-16,2026-10-20,,San Diego,California,US,San Diego Convention Center,32.7075,-117.1605,ANESTHESIOLOGY is the American Society of Anesthesiologists' annual meeting covering clinical and scientific developments in anesthesia care. The 2026 meeting takes place at the San Diego Convention Center.,General Session submission = 2025-11-13; Problem-Based Learning Discussion submission opens = 2025-12-02; Problem-Based Learning Discussion submission = 2026-02-03,medium,asahq.org blocked direct fetching (HTTP 403) for both the meeting page and submissions page; all dates come from search engine snippets of official and organizer-adjacent (APSF) pages. Some conflicting/unclear scientific-abstract date ranges found in search results could not be verified and were excluded rather than reported.,https://www.apsf.org/event/asa-2026/; https://www.asahq.org/annualmeeting/education/submissions
aao-hnsf-annual-2026,AAO-HNSF 2026 Annual Meeting & OTO Experience,AAO-HNSF 2026,American Academy of Otolaryngology-Head and Neck Surgery Foundation,https://www.entnet.org,https://www.entnet.org/events/annual-meeting/,otolaryngology,otolaryngology; surgery,2026-10-17,2026-10-20,in-person,Los Angeles,California,US,Los Angeles Convention Center,34.0403,-118.2695,"The AAO-HNSF Annual Meeting and OTO Experience is the principal scientific and clinical conference of the American Academy of Otolaryngology, Head and Neck Surgery Foundation. The 2026 edition combines scientific sessions, instruction courses, and poster presentations with the OTO EXPO exhibit hall.",Call for Science submission opens = 2025-12-01; Call for Science submission deadline = 2026-01-26; Late-breaking science submission opens = 2026-05-19; Late-breaking science submission deadline = 2026-06-09; Early registration deadline = 2026-08-24,high,"Acceptance notification for the general Call for Science was stated only as 'mid-May 2026' without an exact day, so no notification deadline row was recorded. No travel award deadline was found on the official site.",https://www.entnet.org/events/annual-meeting/future-meeting-information/; https://www.entnet.org/events/annual-meeting/; https://www.entnet.org/events/annual-meeting/call-for-science/; https://www.entnet.org/events/annual-meeting/annual-meeting-faqs/; https://www.laconventioncenter.com/events/detail/american-academy-of-otolaryngology-2026-aao-oto-expo
ana-annual-2026,American Neurological Association 151st Annual Meeting,ANA 2026,American Neurological Association,https://myana.org,https://2026.myana.org/,neurology; neuroscience,neuroscience; student-resident-research,2026-10-17,2026-10-20,in-person,San Diego,California,US,Sheraton San Diego Resort,32.7274,-117.1975,"The American Neurological Association holds its 151st annual meeting in San Diego, California, from October 17 to 20, 2026. The program covers clinical and translational neurology research through platform sessions, posters, and late breaking science.",Symposium proposal submission (Call for Topics) = 2025-12-15; Abstract submission opens = 2026-03-16; Late-breaking abstract submission opens = 2026-05-04; Late-breaking abstract submission = 2026-05-26; Early registration deadline = 2026-09-07,medium,"Meeting dates, venue, and late-breaking abstract deadline were confirmed by direct WebFetch of official 2026.myana.org pages (high confidence). The regular abstract submission opening date, the late breaking window start date, and the early registration deadline were only recoverable via search engine snippets of those same official pages rather than direct fetch, so confidence is set to medium overall. The exact closing date for the regular (non late breaking) abstract track could not be located in any fetched or snippeted content and is intentionally omitted rather than guessed; it is known only that the regular call was closed before the late breaking window opened on 2026-05-04.",https://2026.myana.org/general-information/general-information/; https://2026.myana.org/abstracts/abstract-submission-guidelines/; https://myana.org/ana2026-annual-meeting-call-for-topics-submission-form/; https://2026.myana.org/registration/registration/
chest-annual-meeting-2026,CHEST 2026 Annual Meeting,CHEST 2026,American College of Chest Physicians,https://www.chestnet.org,https://www.chestnet.org/learning-and-events/events/chest-annual-meeting,pulmonary-critical-care,pulmonary; critical-care,2026-10-18,2026-10-21,,Phoenix,Arizona,US,,33.4484,-112.074,"The CHEST Annual Meeting is the American College of Chest Physicians' annual conference on pulmonary, critical care, and sleep medicine. The 2026 meeting takes place in Phoenix, Arizona, preceded by premeeting courses on October 17.",Abstract submission = 2026-02-26; Late-breaking abstract submission opens = 2026-07-20; Late-breaking abstract submission = 2026-08-12; Early registration = 2026-10-05,medium,"The general abstract submission deadline (Feb 26, 2026) could not be confirmed on the currently accessible chestnet.org page, which only shows that submissions are closed; the date comes from search engine result summaries.",https://www.chestnet.org/learning-and-events/events/chest-annual-meeting; https://info.chestnet.org/chest-call-for-abstracts
aafp-fmx-2026,AAFP Family Medicine Experience 2026,FMX 2026,American Academy of Family Physicians,https://www.aafp.org,https://www.aafp.org/events/fmx.html,family-medicine,primary-care; community,2026-10-20,2026-10-24,in-person,Nashville,Tennessee,US,Music City Center,36.156,-86.7756,"The AAFP Family Medicine Experience 2026 is the annual conference of the American Academy of Family Physicians, held at the Music City Center in Nashville, Tennessee. The program is a continuing medical education event with lectures, hands on workshops, and an exhibit hall, and does not use an open call for scientific abstracts.",,high,"FMX programming is selected by AAFP rather than through an open call for abstracts, so no submission deadlines apply.",https://www.aafp.org/events/fmx.html; https://www.aafp.org/cme-and-events/in-person/fmx/what-is-fmx/faq
neurocritical-care-society-annual-2026,NCS 24th Annual Meeting,Neurocritical Care Society 2026,Neurocritical Care Society,https://www.neurocriticalcare.org/,https://www.neurocriticalcare.org/Events/Annual-Meeting/Future-Annual-Meetings,neurology,neurocritical-care; critical-care,2026-10-20,2026-10-23,in-person,Seattle,Washington,US,Seattle Convention Center,47.6114,-122.332,"The Neurocritical Care Society holds its 24th annual meeting in Seattle, Washington, for physicians, nurses, advanced practice providers, pharmacists and trainees in neurocritical care. The program includes late breaking science and research abstract presentations under the theme Reaching New Heights.",Abstract submission = 2026-05-03; Abstract notification = 2026-06-01 (estimated); Abstract withdrawal deadline (if accepted elsewhere) = 2026-07-17; Early registration = 2026-08-05; Discounted housing deadline = 2026-09-21,high,,https://www.neurocriticalcare.org/; https://www.neurocriticalcare.org/Events/Annual-Meeting/Future-Annual-Meetings; https://www.neurocriticalcare.org/Events/Annual-Meeting/Call-for-Research-Abstracts; https://www.neurocriticalcare.org/Events/Annual-Meeting/Past-Future-Annual-Meetings
asn-kidney-week-2026,ASN Kidney Week 2026,Kidney Week 2026,American Society of Nephrology,https://www.asn-online.org,https://www.asn-online.org/education/kidneyweek/,nephrology,nephrology; clinical-trials,2026-10-21,2026-10-25,in-person,Denver,Colorado,US,Colorado Convention Center,39.7439,-104.9942,"ASN Kidney Week is the American Society of Nephrology's annual meeting for nephrology clinicians and researchers. The 2026 meeting is held in Denver, Colorado, with no virtual or hybrid attendance option, preceded by a day of Early Programs.",Late-breaking abstract submission = 2026-09-02; Early registration = 2026-09-09,high,"The regular, non-late-breaking abstract submission deadline was not found on this page and likely already passed earlier in 2026.",https://www.asn-online.org/education/kidneyweek/
ectrims-actrims-2026,10th Joint ACTRIMS-ECTRIMS Meeting (MSToronto 2026),ECTRIMS/ACTRIMS 2026,European Committee for Treatment and Research in Multiple Sclerosis (ECTRIMS) and Americas Committee for Treatment and Research in Multiple Sclerosis (ACTRIMS),https://ectrims.eu,https://mstoronto2026.org/,neurology,multiple-sclerosis; international; clinical-trials,2026-10-21,2026-10-23,,Toronto,Ontario,CA,Metro Toronto Convention Centre,43.6426,-79.3871,"ECTRIMS and ACTRIMS hold their tenth joint congress in Toronto, Canada, from 21 to 23 October 2026 at the Metro Toronto Convention Centre. The meeting, also known as MSToronto 2026, covers multiple sclerosis research and clinical care.",Abstract submission opens = 2026-03-24; Abstract submission = 2026-05-07; Late-breaking abstract submission opens = 2026-05-12; Late-breaking abstract submission = 2026-07-16; Early registration = 2026-08-26,high,,https://mstoronto2026.org/; https://ectrims.eu/
idweek-2026,IDWeek 2026,IDWeek 2026,"IDWeek (Infectious Diseases Society of America, HIV Medicine Association, Society for Healthcare Epidemiology of America, Pediatric Infectious Diseases Society)",https://idweek.org,https://idweek.org,infectious-disease,infectious-disease; clinical-trials,2026-10-21,2026-10-24,,Washington,District of Columbia,US,Walter E. Washington Convention Center,38.9046,-77.0229,"IDWeek is the combined annual meeting of four infectious disease societies, covering clinical and research advances in infectious diseases, HIV medicine, healthcare epidemiology, and pediatric infectious diseases. The 2026 meeting is held in Washington, D.C.",Abstract submission opens = 2026-02-17; Abstract submission = 2026-04-30; Late-breaker abstract submission opens = 2026-06-22; Late-breaker abstract submission = 2026-08-04,high,,https://idweek.org; https://idweek.org/abstracts/
wsc-2026,18th World Stroke Congress,WSC 2026,World Stroke Organization,https://www.world-stroke.org,https://worldstrokecongress.org/,neurology; surgery,stroke; international; global,2026-10-21,2026-10-23,,Seoul,Seoul,KR,COEX Convention and Exhibition Center,37.5115,127.0595,"The World Stroke Organization holds the 18th World Stroke Congress at the COEX Convention and Exhibition Center in Seoul, South Korea, from 21 to 23 October 2026. The congress is combined with the International Conference Stroke Update.",Abstract submission = 2026-04-15; Late-breaking abstract submission = 2026-05-25,high,,https://worldstrokecongress.org/; https://worldstrokecongress.org/abstract-guidelines-submission/; https://www.world-stroke.org/news-and-blog/news/save-the-date-for-the-wsc-2026-october-2123-in-seoul-south-korea
esmo-congress-2026,ESMO Congress 2026,ESMO 2026,European Society for Medical Oncology,https://www.esmo.org,https://www.esmo.org/meeting-calendar/esmo-congress-2026,oncology,oncology; cancer-research; clinical-trials; international; global,2026-10-23,2026-10-27,,Madrid,Community of Madrid,ES,IFEMA Madrid,40.4691,-3.6174,"ESMO Congress is the flagship annual meeting of the European Society for Medical Oncology, presenting new clinical research across solid tumor oncology. The 2026 congress is held in Madrid, Spain.",Abstract submission = 2026-05-12; Late-breaking abstract submission = 2026-09-08,medium,"esmo.org pages returned only template or footer content on direct fetch, likely because the site is JS rendered. Dates were confirmed via search snippets and an independent tourism board source. Event format, in-person versus hybrid, was not confirmed this session.",https://www.esmo.org/meeting-calendar/esmo-congress-2026/abstracts; https://www.esmadrid.com/en/whats-on/esmo-madrid-congress-ifema-madrid
asrm-scientific-congress-2026,ASRM 2026 Scientific Congress and Expo,ASRM 2026,American Society for Reproductive Medicine,https://www.asrm.org,https://asrmcongress.org/,obstetrics-gynecology,reproductive; gynecology,2026-10-24,2026-10-28,in-person,Baltimore,Maryland,US,Baltimore Convention Center,39.2864,-76.6205,"The ASRM Scientific Congress and Expo is the annual meeting of the American Society for Reproductive Medicine, covering clinical and basic science research in reproductive medicine. The 2026 edition, themed Discovery, Innovation, and Advancement, takes place at the Baltimore Convention Center and introduces the ASRM Master Class Summit in place of traditional postgraduate courses.",Abstract submission opens = 2026-02-25; Abstract submission = 2026-04-29; Abstract withdrawal deadline = 2026-06-24,high,"Abstract notification is stated only as mid-June 2026 in available materials with no exact day published, so it is omitted from the deadlines list rather than estimated. The official key-dates PDF could not be parsed directly by the fetch tool (binary content); dates were confirmed via consistent search-engine snippets quoting the same document plus a secondary ASRM congress news post.",https://asrmcongress.org/; https://www.asrm.org/globalassets/_asrm/news-events/asrm-scientific-congress/presenters/ASRM_2026_Abstract_Key_Dates.pdf; https://asrmcongress.org/asrm-2026-abstract-deadline-approaching/
aacap-annual-2026,AACAP 73rd Annual Meeting 2026,AACAP 2026,American Academy of Child and Adolescent Psychiatry,https://www.aacap.org/,https://aacap.confex.com/aacap/2026/meetinginfo.cgi,psychiatry,child-adolescent; general-psychiatry,2026-10-26,2026-10-31,in-person,Atlanta,Georgia,US,Hyatt Regency Atlanta and Atlanta Marriott Marquis,33.7616,-84.3868,"The annual meeting of the American Academy of Child and Adolescent Psychiatry, with clinical perspectives, symposia, workshops, institutes, media theatre and new research poster sessions.","General submission deadline (Clinical Perspectives, Symposia, Workshops, Institutes, Media Theatre, Posters, other formats) = 2026-02-12; Late New Research Poster submission deadline = 2026-06-04; Registration opens to non members = 2026-08-11",high,All submission deadlines have passed. Coordinates point to the Hyatt Regency Atlanta.,https://aacap.confex.com/aacap/2026/cfp.cgi; https://www.aacap.org/aacap/CME_and_Meetings/Future_Annual_Meetings.aspx
uiuc-jump-arches-symposium-2026,Jump ARCHES Health Care Engineering Systems Symposium 2026,Jump ARCHES Symposium 2026,"Jump ARCHES, OSF HealthCare Jump Simulation and Health Care Engineering Systems Center, University of Illinois Urbana-Champaign",https://healtheng.illinois.edu/jumparches,https://www.osfinnovation.org/invent/innovation-academic-incubator/jump-arches/health-care-engineering-systems-symposium,informatics; medical-education,uiuc; illinois; health-services; informatics; translational,2026-10-27,2026-10-27,in-person,Peoria,Illinois,US,Jump Trading Simulation and Education Center,40.6936,-89.589,"The Jump ARCHES symposium celebrates the year's project achievements from the Jump Applied Research through Community Health Engineering and Simulation endowment partnership between OSF HealthCare Jump Simulation and the University of Illinois Grainger College of Engineering Health Care Engineering Systems Center. The 2026 edition, themed From Insight to Impact Powered by AI, is held at the Jump Trading Simulation and Education Center in Peoria.",,medium,Grant proposals for Jump ARCHES funding are accepted annually in spring but no specific date is published; interested applicants must join the program mailing list for the next request for proposals. Prior edition year 2024 (October 30) is the most recent instance located in search snippets; a 2025 edition likely also occurred but its date could not be found.,https://www.osfinnovation.org/invent/innovation-academic-incubator/jump-arches/health-care-engineering-systems-symposium; https://healtheng.illinois.edu/jumparches
apna-annual-2026,APNA 40th Annual Conference 2026,APNA 2026,American Psychiatric Nurses Association,https://www.apna.org,https://www.apna.org/apna-annual-conference/,psychiatry; nursing,general-psychiatry; nursing; education,2026-10-28,2026-10-31,hybrid,Phoenix,Arizona,US,Phoenix Convention Center,33.4484,-112.0705,"The American Psychiatric Nurses Association holds its 40th annual conference for psychiatric mental health nurses in Phoenix, Arizona. The event offers in person attendance plus a virtual livestream option and on demand session recordings.",Abstract submission = 2026-03-02; Early registration = 2026-09-14,high,,https://www.apna.org/apna-annual-conference/
aapl-annual-2026,AAPL 57th Annual Meeting 2026,AAPL 2026,American Academy of Psychiatry and the Law,https://aapl.org/,https://aapl.org/57th-annual-meeting/,psychiatry,forensic; general-psychiatry,2026-10-29,2026-11-01,in-person,Tampa,Florida,US,Tampa Marriott Water Street,27.9434,-82.4522,"The 57th annual meeting of the American Academy of Psychiatry and the Law, the main United States forensic psychiatry meeting, accredited for a maximum of 31.75 AMA PRA Category 1 credits. The Forensic Psychiatry Review Course is held in the days immediately before the meeting.",,medium,"aapl.org and psychiatryonline.org are behind bot protection; all AAPL data comes from search engine snippets of official pages. The combined span October 26 to November 1 suggests the review course runs October 26 to 28 (Monday to Wednesday), matching the 2025 pattern (Boston, October 27 to November 2, 2025 combined, meeting October 30 to November 2). The 2025 prior edition dates are inferred from that span and should be verified. Registration deadlines unknown.",https://aapl.org/57th-annual-meeting/; https://aapl.org/annual-meeting/; https://www.academicjobs.com/conferences/4819
congress-neurological-surgeons-2026,76th Congress of Neurological Surgeons Annual Meeting,CNS Neurosurgery 2026,Congress of Neurological Surgeons,https://www.cns.org,https://www.cns.org/annualmeeting,neurology; surgery,neurosurgery; neurocritical-care; student-resident-research,2026-10-31,2026-11-04,in-person,Washington,District of Columbia,US,Walter E. Washington Convention Center,38.9042,-77.0229,"Annual scientific meeting of the Congress of Neurological Surgeons covering the full range of neurosurgical subspecialties. It is the 76th edition of the meeting, themed Evolution.",Abstract submission = 2026-05-26; Early registration = 2026-05-31; Advanced registration deadline = 2026-09-30,high,Late-breaking abstract or poster deadline (if any) was not found on the official abstracts page.,https://www.cns.org/annualmeeting; https://www.cns.org/meetings/past-and-future-annual-meetings; https://www.cns.org/annualmeeting/overview; https://www.cns.org/annualmeeting/program/abstracts; https://www.cns.org/annualmeeting/travel-hotel/location
tct-2026,Transcatheter Cardiovascular Therapeutics 2026,TCT 2026,Cardiovascular Research Foundation,https://www.crf.org,https://www.tctconference.com/,cardiology,cardiovascular; interventional,2026-10-31,2026-11-03,in-person,San Diego,California,US,San Diego Convention Center,32.7075,-117.1605,Transcatheter Cardiovascular Therapeutics is the Cardiovascular Research Foundation's annual symposium on interventional cardiovascular medicine. TCT 2026 runs as an in person only meeting at the San Diego Convention Center with no virtual attendance option.,,medium,"Exact abstract/late-breaking submission deadline dates for TCT 2026 could not be located on accessible pages; the CRF Call for Science and tctconference.com pages state submissions are closed without listing the closing date, and an NCDR calendar listed the date as TBD. Conference dates and location are confirmed via an official CRF/EurekAlert press release.",https://www.eurekalert.org/news-releases/1121447; https://www.tctconference.com/topics-categories-guidelines; https://www.crf.org/tct-post-2/call-for-science
apha-annual-2026,APHA Annual Meeting and Expo 2026,APHA 2026,American Public Health Association,https://www.apha.org,https://www.apha.org/events-and-meetings/apha-calendar/2026-apha-annual-meeting-and-expo,public-health,public-health; epidemiology; community,2026-11-01,2026-11-04,in-person,San Antonio,Texas,US,Henry B. Gonzalez Convention Center,29.4247,-98.4894,"The American Public Health Association holds its 2026 Annual Meeting and Expo in San Antonio, Texas. The meeting brings together public health professionals to present research and network across all areas of public health practice.",Early registration = 2026-07-14; Advance registration = 2026-09-15; Late registration = 2026-10-29,high,"General call for abstracts has already closed for 2026 (notifications sent June 2, 2026); late breaker submissions remain open per section with no centralized deadline published.",https://www.apha.org/events-and-meetings/apha-calendar/2026-apha-annual-meeting-and-expo; https://www.apha.org/events-and-meetings/annual/registration-information; https://www.apha.org/events-and-meetings/annual/presenters/late-breakers-reviewers-and-moderators
aasld-liver-meeting-2026,AASLD The Liver Meeting 2026,The Liver Meeting 2026,American Association for the Study of Liver Diseases,https://www.aasld.org,https://www.aasld.org/tlm-26/home,gastroenterology,hepatology; clinical-trials,2026-11-05,2026-11-09,,Denver,Colorado,US,Colorado Convention Center,39.7439,-104.9942,"The Liver Meeting is the American Association for the Study of Liver Diseases' annual scientific meeting on hepatology. The 2026 meeting is held in Denver, Colorado, beginning one day earlier than usual to accommodate the Diwali holiday.",Case report and academic debate submission = 2026-08-31; Early registration = 2026-08-26,medium,"The standard scientific abstract submission deadline, distinct from case reports and academic debate applications, was not found on the fetched page and should be verified directly with AASLD; it is typically earlier in the summer. No 2027 Liver Meeting information was found.",https://www.aasld.org/tlm-26/home
nei-congress-2026,NEI Fall Congress 2026,NEI Congress 2026,Neuroscience Education Institute,https://www.neiglobal.com/,https://www.neiglobal.com/Congress/CNGOverview/tabid/147/Default.aspx,psychiatry,psychopharmacology; neuroscience; general-psychiatry,2026-11-05,2026-11-08,hybrid,Colorado Springs,Colorado,US,The Broadmoor,38.7913,-104.8486,"The annual psychopharmacology congress of the Neuroscience Education Institute, offered in person at The Broadmoor and online, with up to 32 CME credits. Pre conference programs begin November 4 and the scientific poster session is held November 7, 2026.",Poster abstract submission deadline = 2026-08-03,high,"The poster deadline has passed. No 2027 Fall Congress dates are published; NEI lists a 2027 Spring Congress on May 21 to 23, 2027 in Florida. Registration fee tiers and deadlines were not visible on the registration page.",https://www.neiglobal.com/Congress/CNGOverview/tabid/147/Default.aspx; https://www.neiglobal.com/Congress/CNGAbout/tabid/627/Default.aspx; https://www.neiglobal.com/Congress/CNGPosterSession/tabid/159/Default.aspx; https://www.neiglobal.com/Congress/CNGRegDetails/tabid/154/Default.aspx
aamc-learn-serve-lead-2026,Learn Serve Lead 2026: The AAMC Annual Meeting,AAMC Learn Serve Lead 2026,Association of American Medical Colleges,https://www.aamc.org,https://www.aamc.org/learn-network/learn-serve-lead,medical-education,medical-education; education,2026-11-06,2026-11-10,in-person,Anaheim,California,US,,33.8366,-117.9143,"The Association of American Medical Colleges holds Learn Serve Lead, its annual meeting, in Anaheim, California in 2026. The meeting covers medical education, research, and leadership across academic medicine, marking the AAMC's 150th anniversary.",Abstract submission = 2025-12-01,high,The medical education abstract submission deadline for 2026 has already passed.,https://www.aamc.org/learn-network/learn-serve-lead; https://www.conferenceabstracts.com/uploads/documents/26695/2026MedEdCallDRAFTacceptedkatechanges.pdf
acr-convergence-2026,ACR Convergence 2026,ACR Convergence 2026,American College of Rheumatology,https://www.rheumatology.org,https://www.rheumatology.org/annual-meeting,rheumatology,rheumatology; clinical-trials,2026-11-06,2026-11-11,,Orlando,Florida,US,,28.5383,-81.3792,"ACR Convergence is the American College of Rheumatology's annual scientific meeting covering rheumatology research and clinical care. The 2026 meeting is held in Orlando, Florida.",Late-breaking abstract submission = 2026-09-22,medium,"The regular, non-late-breaking abstract submission deadline and the specific venue name were not confirmed on this page; the regular deadline has likely already passed given the meeting is in November. No ACR Convergence 2027 information was searched for.",https://www.rheumatology.org/annual-meeting
aha-scientific-sessions-2026,American Heart Association Scientific Sessions 2026,AHA Scientific Sessions 2026,American Heart Association,https://www.heart.org,https://professional.heart.org/en/meetings/scientific-sessions,cardiology,cardiovascular; clinical-trials,2026-11-06,2026-11-09,,Chicago,Illinois,US,McCormick Place Convention Center,41.8517,-87.6167,Scientific Sessions is the American Heart Association's flagship annual meeting for cardiovascular research and clinical science. The 2026 meeting is held at McCormick Place Convention Center in Chicago.,Abstract submission = 2026-06-08; Late-breaking science submission opens = 2026-06-22; Late-breaking science submission = 2026-08-24; Travel award application = 2026-08-21,high,"professional.heart.org returned HTTP 403 on some direct fetches; dates and deadlines were corroborated across multiple official AHA subpages and search snippets. 2027 edition not included: no official AHA date or city has been published, only an unverified aggregator claim of 'November 2027, location TBD.'",https://professional.heart.org/en/meetings/scientific-sessions/submit-science; https://sessions.hub.heart.org/daily-coverage/article/22954779/save-the-date-and-meet-us-in-chicago; https://exhibitatsessions.org/scientific-sessions/dates-deadlines-forms/; https://professional.heart.org/en/meetings/scientific-sessions/programming/late-breaking-science
uiuc-uic-com-research-forum-2026,University of Illinois College of Medicine 2026 Research Forum,UIC COM Research Forum 2026,"University of Illinois College of Medicine, University of Illinois Chicago",https://medicine.uic.edu,https://medicine.uic.edu/com-research/research-forum/submission-information/,medical-education,uiuc; illinois; medical-education; student-resident-research,2026-11-06,2026-11-06,in-person,Chicago,Illinois,US,"Thompson Rooms, Student Center West",41.8708,-87.6505,"The University of Illinois College of Medicine Research Forum is an annual poster and judging event in Chicago open to medical students, graduate students, postdoctoral fellows, residents, and research faculty across the college. The 2026 forum runs two judging sessions followed by a reception at the Thompson Rooms in Student Center West.",Abstract submission opens = 2026-09-01; Abstract submission deadline = 2026-09-25; Poster printing deadline = 2026-10-16,high,"The prior edition year 2025 date (Jan 24, 2025) is drawn from a search snippet referencing a 2024-2025 annual research forum event page and may reflect an academic year label rather than a calendar year 2025 event; treat that single field with caution.",https://medicine.uic.edu/com-research/research-forum/submission-information/
amia-2026-annual-symposium,AMIA 2026 Annual Symposium,AMIA 2026 Annual Symposium,American Medical Informatics Association,https://amia.org,https://amia.org/education-events/amia-2026-annual-symposium,informatics,informatics,2026-11-07,2026-11-11,in-person,Dallas,Texas,US,Hilton Anatole,32.814,-96.83,"The American Medical Informatics Association holds its 2026 Annual Symposium at the Hilton Anatole in Dallas, Texas. The symposium covers research and practice across biomedical and health informatics.",Manuscript submission = 2026-03-10; High School Scholars application = 2026-09-08; Student volunteer application = 2026-09-08; FHIR App Competition materials submission = 2026-09-30; Hotel reservation = 2026-10-14,medium,"amia.org returns a Cloudflare bot check to automated fetch tools (WebFetch returned HTTP 403 and the browser tool was stuck on a verification page). All dates were confirmed through Google search result snippets that quote the amia.org pages directly, with multiple independent snippets corroborating the Nov 7 to 11, 2026 Dallas dates.",https://amia.org/education-events/amia-2026-annual-symposium; https://amia.org/education-events/amia-2026-annual-symposium/call-participation
isns-illinois-annual-2026,10th Annual Meeting of the Illinois State Neurological Society,ISNS 2026,Illinois State Neurological Society,https://ilstateneuro.org,https://web.cvent.com/event/fc794745-1147-4f7b-9065-5dbaad99f76a/summary,neurology,illinois; education; community,2026-11-07,2026-11-07,,Chicago,Illinois,US,DoubleTree by Hilton Chicago Magnificent Mile,41.8925,-87.6244,"The Illinois State Neurological Society holds its tenth annual meeting on 7 November 2026 at the DoubleTree by Hilton Chicago Magnificent Mile. The one day educational program covers topics including acute ischemic stroke management, pediatric neuromuscular disease, and narcolepsy treatment.",,high,"The URL given in the task prompt (isns.org) belongs to an unrelated organization, the Islamic Society of Northwest Suburbs; the correct official site is ilstateneuro.org, which was used here instead. No abstract or registration deadline dates were found on the event page.",https://web.cvent.com/event/fc794745-1147-4f7b-9065-5dbaad99f76a/summary; https://ilstateneuro.org/
aas-annual-2026,37th International Symposium on the Autonomic Nervous System (American Autonomic Society Annual Meeting 2026),AAS 2026,American Autonomic Society,https://americanautonomicsociety.org,https://americanautonomicsociety.org/meeting/,neurology; neuroscience,autonomic-disorders,2026-11-10,2026-11-14,,San Diego,California,US,Paradise Point Resort & Spa,32.776,-117.231,"The American Autonomic Society Annual Meeting, held as the International Symposium on the Autonomic Nervous System, covers structure, function and disorders of the autonomic nervous system. The 2026 edition is the 37th symposium, featuring plenary lectures, symposium sessions and a poster competition.",Late breaking abstract submission deadline = 2026-09-15; Early registration deadline = 2026-09-15,medium,"The general (non-late-breaking) abstract submission deadline could not be located on the official site. No 2027 American Autonomic Society meeting information has been published yet, so no separate 2027 record was created.",https://americanautonomicsociety.org/meeting/; https://americanautonomicsociety.org/abstract-submission/
aapmr-annual-assembly-2026,2026 AAPM&R Annual Assembly,AAPM&R 2026,American Academy of Physical Medicine and Rehabilitation,https://www.aapmr.org,https://www.aapmr.org/education/annual-assembly,rehabilitation,rehabilitation; education,2026-11-11,2026-11-14,hybrid,Orlando,Florida,US,,28.5384,-81.3789,"The AAPM&R Annual Assembly is the annual scientific meeting of the American Academy of Physical Medicine and Rehabilitation. The 2026 edition takes place in Orlando, Florida from November 11 to 14, with in person and virtual attendance options.",Late-breaking research abstract submission opens = 2026-05-20 (estimated); Late-breaking research abstract submission = 2026-06-24 (estimated); Registration deadline (mail-in and fax; refund cutoff) = 2026-10-13,medium,Venue name within Orlando was not found on the fetched pages. The call-for-abstracts page (2026/call-for-abstracts) returned HTTP 404 on direct fetch; late-breaking abstract window dates are based on a search engine snippet of that page only.,https://www.aapmr.org/docs/default-source/annual-assembly-documents/2025-tote-bag/2026-key-dates.pdf; https://www.aapmr.org/education/annual-assembly/registration; https://www.aapmr.org/education/annual-assembly
aaap-annual-2026,AAAP 37th Annual Meeting and Scientific Symposium 2026,AAAP 2026,American Academy of Addiction Psychiatry,https://www.aaap.org/,https://www.aaap.org/training-events/annual-meeting/2026-annual-meeting-and-scientific-symposium/,psychiatry,addiction; general-psychiatry,2026-11-12,2026-11-15,in-person,Memphis,Tennessee,US,The Peabody Memphis,35.1425,-90.0524,"The annual scientific meeting of the American Academy of Addiction Psychiatry, covering substance use disorders and co occurring psychiatric disorders through symposia, workshops, paper sessions, posters and case conferences.",Early bird registration deadline = 2026-10-01,high,Abstract deadlines have passed and are no longer shown. All presenters must attend in person.,https://www.aaap.org/training-events/annual-meeting/2026-annual-meeting-and-scientific-symposium/; https://aaap.societyconference.com/conference/
abct-2026,ABCT 60th Annual Convention 2026,ABCT 2026,Association for Behavioral and Cognitive Therapies,https://www.abct.org/,https://www.abct.org/2026-convention/,psychiatry,psychotherapy; behavioral; psychology,2026-11-12,2026-11-15,in-person,Baltimore,Maryland,US,Hilton Baltimore Inner Harbor and Baltimore Convention Center,39.2857,-76.6161,"The 60th ABCT Annual Convention takes place in Baltimore under the theme Integrating Compassion and Science. The program includes symposia, panels, clinical round tables, workshops, poster sessions and invited addresses.",Ticketed session submission opens = 2026-01-02; Ticketed session submission = 2026-02-06; General session submission opens = 2026-02-09; General session submission = 2026-03-13; Early registration = 2026-10-16,high,Submission deadlines have passed. No late breaking poster call was found on the ABCT site for 2026.,https://www.abct.org/2026-convention/; https://www.abct.org/convention-ce/annual-conventions/; https://www.abct.org/convention-ce/call-for-papers/; https://www.abct.org/convention-ce/call-for-papers-ticketed-sessions/; https://www.abct.org/2026-convention/registration/
acaai-annual-2026,2026 ACAAI Annual Scientific Meeting,ACAAI 2026,"American College of Allergy, Asthma and Immunology",https://acaai.org,https://annualmeeting.acaai.org/2026/,allergy-immunology,allergy; immunology; education,2026-11-12,2026-11-16,hybrid,Phoenix,Arizona,US,,33.4484,-112.074,"The ACAAI Annual Scientific Meeting is the main scientific conference of the American College of Allergy, Asthma and Immunology. The 2026 edition takes place in Phoenix, Arizona from November 12 to 16, with an in person program and a livestream option.",Research abstract submission opens = 2026-04-01 (estimated); Research abstract submission = 2026-07-13; Medically challenging case abstract submission opens = 2026-04-01 (estimated); Medically challenging case abstract submission = 2026-08-03 (estimated); Late-breaking abstract submission opens = 2026-09-01 (estimated); Late-breaking abstract submission = 2026-10-06; Early registration deadline = 2026-09-14; Livestream registration deadline = 2026-11-11,high,The specific convention center or venue name within Phoenix was not found on any fetched page. A separate regular (non-early) registration deadline distinct from the early registration and livestream cutoffs was not found.,https://annualmeeting.acaai.org/2026/submit_abstract.cfm; https://annualmeeting.acaai.org/2026/registration.cfm; https://annualmeeting.acaai.org/2026/
amersa-2026,AMERSA 50th Annual Conference 2026,AMERSA 2026,Association for Multidisciplinary Education and Research in Substance use and Addiction,https://amersa.org/,https://conference.amersa.org/,psychiatry,addiction; education,2026-11-12,2026-11-14,,Washington,District of Columbia,US,Omni Shoreham Hotel,38.9229,-77.0525,"The 50th AMERSA Annual Conference is held November 12 to 14, 2026 in Washington, DC with preconference activities on November 11. The theme is Stronger Together: Transforming Challenge into Opportunity in Substance Use Care.",Submission site opens = 2026-02-01; Abstract submission = 2026-04-01; Workshop proposal submission = 2026-04-01; Deadline to accept workshop invitation = 2026-05-15; Conference scholarship award application = 2026-05-17; Deadline to accept abstract invitation = 2026-06-15; Early registration = 2026-08-31; Hotel room block = 2026-10-01,high,The 2027 AMERSA conference has not been announced on amersa.org or conference.amersa.org.,https://conference.amersa.org/; https://conference.amersa.org/call-for-abstracts-and-workshops/; https://conference.amersa.org/attendees-information-page/; https://aapp.org/perspective/2026/03/800428
sno-annual-2026,Society for Neuro-Oncology 31st Annual Meeting and Education Day 2026,SNO 2026,Society for Neuro-Oncology,https://www.soc-neuro-onc.org,https://sno2026.oa-event.com/,neurology; oncology,oncology; cancer-research,2026-11-12,2026-11-15,,Philadelphia,Pennsylvania,US,Pennsylvania Convention Center,39.9553,-75.1606,"The SNO Annual Meeting is a multidisciplinary conference on neuro-oncology research, diagnosis and treatment, expecting more than 3000 attendees from over 40 countries. Accepted abstracts are published in the journal Neuro-Oncology.",Regular abstract submission deadline = 2026-05-26; Late-breaking abstract placeholder submission deadline = 2026-05-26; Late-breaking abstract final submission deadline = 2026-09-04; Early bird registration deadline = 2026-09-11; Presenter registration deadline = 2026-09-18,high,Format (in-person vs hybrid) not stated on the pages reviewed. Early bird registration deadline (2026-09-11) is one day after this data was compiled.,https://www.soc-neuro-onc.org/meetings-education/sno-annual-meetings; https://sno2026.oa-event.com/submit; https://sno2026.oa-event.com/registration
ssa-annual-2026,Society for the Study of Addiction Annual Conference 2026,SSA 2026,Society for the Study of Addiction,https://www.addiction-ssa.org,https://www.addiction-ssa.org/news/guide-to-attending-the-2026-annual-conference/,addiction-medicine; psychiatry; psychology,addiction; behavioral; international,2026-11-12,2026-11-13,,Newcastle upon Tyne,England,GB,"Crowne Plaza Newcastle, Stephenson Quarter",54.9738,-1.6046,"The Society for the Study of Addiction holds its annual conference for UK addiction researchers, policymakers, practitioners and people with lived experience in Newcastle upon Tyne, England.",Early registration = 2026-09-24,high,,https://www.addiction-ssa.org/news/guide-to-attending-the-2026-annual-conference/
obesityweek-2026,ObesityWeek 2026,ObesityWeek 2026,The Obesity Society,https://www.obesity.org,https://obesityweek.org/,endocrinology,obesity,2026-11-14,2026-11-17,in-person,National Harbor,Maryland,US,Gaylord National Resort and Convention Center,38.7799,-77.0148,"ObesityWeek 2026 is the annual conference of The Obesity Society, held at the Gaylord National Resort and Convention Center in National Harbor, Maryland, near Washington, D.C. The program presents clinical and basic science research on obesity and its treatment.",Abstract submission opens = 2026-03-16; Abstract submission = 2026-04-27; Late-breaking abstract submission opens = 2026-06-29; Late-breaking abstract submission = 2026-07-22; Early registration = 2026-08-24,high,,https://obesityweek.org/key-dates/; https://obesityweek.org/
sfn-neuroscience-2026,Society for Neuroscience Neuroscience 2026,SfN 2026,Society for Neuroscience,https://www.sfn.org/,https://www.sfn.org/meetings/neuroscience-2026,psychiatry,neuroscience; international,2026-11-14,2026-11-18,hybrid,Washington,District of Columbia,US,Walter E. Washington Convention Center,38.9037,-77.0225,"Neuroscience 2026 runs November 14 to 18, 2026, at the Walter E. Washington Convention Center in Washington, DC, with in person and virtual presentation options. Regular abstracts closed June 11, 2026; late breaking abstracts are accepted September 8 to 15, 2026 or until a 2,500 submission cap is reached.",Symposium and session proposals (extended) = 2026-01-26; Abstract submission opens = 2026-05-27; Abstract submission (extended) = 2026-06-11; Advance member registration opens = 2026-07-15; Late breaking abstract submission opens = 2026-09-08; Deadline to switch from virtual only to in person presentation = 2026-09-10; Late breaking abstract submission = 2026-09-15; Registration cancellation for refund = 2026-10-05; Housing reservations close = 2026-11-03,high,Acceptance notifications for regular abstracts were sent in early August 2026. Trainee travel awards were not visible on the pages reviewed.,https://www.sfn.org/meetings/neuroscience-2026/general-information/dates-and-deadlines; https://www.sfn.org/meetings/neuroscience-2026; https://www.sfn.org/meetings/neuroscience-2026/late-breaking-abstracts; https://www.sfn.org/meetings
ctad-2026,19th Clinical Trials on Alzheimer's Disease (CTAD) Conference 2026,CTAD 2026,CTAD Conference (Clinical Trials on Alzheimer's Disease),https://www.ctad-alzheimer.com,https://www.ctad-alzheimer.com/,neurology; geriatrics,dementia; clinical-trials; geriatric,2026-11-16,2026-11-19,in-person,Boston,Massachusetts,US,Boston Park Plaza Hotel,42.351,-71.0706,"CTAD is an annual conference focused exclusively on clinical trials and drug development for Alzheimer's disease. All sessions are held in a single track, bringing together investigators, clinicians, industry scientists and regulators.",Abstract submission opens = 2026-04-15; Abstract submission deadline = 2026-06-02; Late call for abstracts opens = 2026-07-15; Late call abstract submission deadline = 2026-09-03; Registration opens = 2026-04-01; Early registration deadline = 2026-10-01,medium,"The dedicated Important Dates page on the official site returned a 503 error during verification (and again via a text-proxy fetch), so deadline figures rely on the conference homepage only. Time zone for deadlines not specified. Venue confirmed as Boston Park Plaza Hotel via search snippet of the official site's practical-information page.",https://www.ctad-alzheimer.com/; https://www.ctad-alzheimer.com/about-us/important-dates
aclp-annual-2026,ACLP Annual Meeting 2026 (CLP 2026),CLP 2026,Academy of Consultation-Liaison Psychiatry,https://clpsychiatry.org/,https://clpsychiatry.org/annual-meetings/,psychiatry,consultation-liaison; psychosomatic; general-psychiatry,2026-11-18,2026-11-21,in-person,San Diego,California,US,Town and Country Resort,32.768,-117.166,"The annual meeting of the ACLP, the academy for psychiatrists who care for medically ill patients. The 2026 theme is Expanding the Vision of C L Psychiatry: New Roles, New Settings, New Pathways.",Abstract submission deadline (all formats) = 2026-04-01,high,"Registration early bird deadline not found. CLP 2027 dates and location are not published; ACLP has named a 2027 Annual Meeting Committee chair (Michael Marcangelo, MD). The 2027 abstract deadline will probably again fall around April 1, 2027 based on the 2026 pattern.",https://clpsychiatry.org/annual-meetings/; https://clpsychiatry.org/; https://clpsychiatry.org/member-resources/webinars/2026-webinars-february-24/
cpa-annual-conference-2026,Canadian Psychiatric Association 76th Annual Conference 2026,CPA 2026,Canadian Psychiatric Association,https://www.cpa-apc.org/,https://www.cpa-apc.org/annual-conference/,psychiatry,general-psychiatry; international; education,2026-11-18,2026-11-21,in-person,Montreal,Quebec,CA,Le Centre Sheraton Montreal Hotel,45.4979,-73.5714,"The 76th Annual Conference of the Canadian Psychiatric Association takes place at the Centre Sheraton Montreal. Preconference courses run on Wednesday 18 November and the main scientific programme, with keynote plenaries and concurrent sessions, runs from 19 to 21 November 2026.",Abstract submission = 2026-02-02; Early registration = 2026-10-30,high,The cpa-apc.org TLS chain fails automated certificate verification; content was retrieved with verification disabled. Prior edition details were not retrieved.,https://www.cpa-apc.org/annual-conference/; https://www.cpa-apc.org/call-for-abstracts/; https://www.cpa-apc.org/registration-fees/
napcrg-annual-meeting-2026,NAPCRG 54th Annual Meeting,NAPCRG 2026,North American Primary Care Research Group,https://www.napcrg.org,https://napcrg.org/conferences/annual/annualmeeting/,family-medicine; health-services,primary-care; health-services; epidemiology,2026-11-20,2026-11-24,in-person,Toronto,Ontario,CA,Westin Harbour Castle,43.6409,-79.3746,"The NAPCRG 54th Annual Meeting is the yearly research conference of the North American Primary Care Research Group, held at the Westin Harbour Castle in Toronto, Ontario. The program centers on primary care and family medicine research presentations, workshops, and networking sessions.","Call for papers = 2026-04-19; Student, resident, and fellow poster submission opens = 2026-05-10; Student, resident, and fellow poster submission = 2026-07-12",high,,https://www.napcrg.org/conferences/annual/call-for-papers/; https://www.napcrg.org/conferences/future-conferences/
rsna-annual-2026,RSNA 2026 Scientific Assembly and Annual Meeting,RSNA 2026,Radiological Society of North America,https://www.rsna.org,https://www.rsna.org/annual-meeting,radiology; nuclear-medicine,radiology; imaging; education; informatics; oncology,2026-11-29,2026-12-03,hybrid,Chicago,Illinois,US,McCormick Place,41.8531,-87.6121,"The Radiological Society of North America holds its annual Scientific Assembly and Annual Meeting at McCormick Place in Chicago from November 29 to December 3, 2026. The program covers diagnostic radiology and related imaging specialties and offers both in-person and virtual registration.",Abstract submission = 2026-05-06; Early registration deadline (regist) = 2026-10-01,high,No separate onsite or final registration deadline is published; RSNA registration commonly stays open through the meeting. Notification date for abstract acceptance was not found on official pages.,https://www.rsna.org/annual-meeting; https://www.rsna.org/annual-meeting/future-and-past-meetings; https://www.rsna.org/annual-meeting/attendee-resources/pricing-and-registration; https://www.rsna.org/media/press/2026/2652; https://www.rsna.org/annual-meeting/abstract-submission
ahs-scottsdale-2026,2026 Scottsdale Headache Symposium,AHS Scottsdale 2026,American Headache Society,https://americanheadachesociety.org,https://americanheadachesociety.org/events/2026-scottsdale-headache-symposium,neurology,headache; education,2026-12-03,2026-12-06,,Scottsdale,Arizona,US,The Westin Kierland Resort and Spa,33.6193,-111.9257,"The American Headache Society holds its Scottsdale Headache Symposium at the Westin Kierland Resort and Spa in Scottsdale, Arizona, from 3 to 6 December 2026. The symposium offers continuing medical education on the diagnosis and treatment of headache disorders.",Registration cancellation deadline = 2026-11-11,high,No open call for abstracts was found for this symposium; the program appears to be faculty organized rather than abstract driven.,https://americanheadachesociety.org/events/2026-scottsdale-headache-symposium
aes-annual-2026,American Epilepsy Society Annual Meeting 2026,AES 2026,American Epilepsy Society,https://aesnet.org,https://aesnet.org/AES-annual-meeting,neurology,epilepsy; student-resident-research,2026-12-04,2026-12-08,in-person,Denver,Colorado,US,Colorado Convention Center,39.7438,-104.9973,"The American Epilepsy Society holds its annual meeting in Denver, Colorado, from December 4 to 8, 2026. The meeting presents clinical and basic science research on epilepsy along with education programs for clinicians and trainees.",Abstract submission opens = 2026-04-13; Abstract submission = 2026-06-08; Travel award application = 2026-06-08; Early registration deadline = 2026-10-07,high,"Core dates (meeting dates, abstract open/close, early registration) were confirmed by direct WebFetch of official aesnet.org pages. The exact venue name was confirmed only via the Colorado Convention Center's own event listing, not directly on an aesnet.org page, so treat the venue field with slightly lower confidence than the dates. The travel award deadline is inferred to match the abstract submission deadline based on the FAQ page's description of the process, not from an explicit stand-alone published date; format (in person) is inferred from the venue booking and historical pattern of this meeting rather than an explicit statement on aesnet.org.",https://aesnet.org/AES-annual-meeting/general-information/future-meetings; https://aesnet.org/AES-annual-meeting/abstracts/abstract-faqs; https://aesnet.org/AES-annual-meeting/registration-information/registration-rates; https://aesnet.org/AES-annual-meeting/abstracts/abstract-awards; https://denverconvention.com/events/details/aes-2026-annual-meeting
ihi-forum-2026,IHI Forum 2026,IHI Forum 2026,Institute for Healthcare Improvement,https://www.ihi.org,https://events.ihi.org/forum,health-services,quality-safety; health-services,2026-12-06,2026-12-09,in-person,Phoenix,Arizona,US,Phoenix Convention Center,33.4478,-112.0728,"The Institute for Healthcare Improvement holds its 2026 National Forum at the Phoenix Convention Center in Phoenix, Arizona. The Forum covers quality improvement and patient safety in healthcare.",Poster submission = 2026-09-30; Early registration = 2026-09-30,high,"One indexed page snippet referenced an Anaheim Convention Center in connection with the Forum, which appears to be a stale or mismatched cached fragment; all other sources consistently confirm Phoenix, Arizona for the 2026 Forum.",https://events.ihi.org/forum; https://events.ihi.org/forum/location; https://events.ihi.org/forum/present; https://events.ihi.org/forum/fees-and-scholarships
nube-2026,National Update on Behavioral Emergencies (NUBE) Conference 2026,NUBE 2026,American Association for Emergency Psychiatry,https://www.emergencypsychiatry.org/,http://www.behavioralemergencies.civicaconferences.com/,psychiatry,emergency; general-psychiatry,2026-12-07,2026-12-09,,Scottsdale,Arizona,US,,33.4942,-111.9261,"The AAEP National Update on Behavioral Emergencies conference is held December 7 to 9, 2026 in Scottsdale, Arizona. It addresses behavioral emergencies in emergency departments, psychiatric emergency services and crisis settings.",Speaker proposal submission = 2026-07-31,medium,"The conference site labels 2026 as the 17th Annual NUBE although the 2025 New Orleans meeting carried the same number, so the edition count is ambiguous. No hotel is named yet. emergencypsychiatry.org blocks automated fetches. No 2027 information found.",http://www.behavioralemergencies.civicaconferences.com/; http://www.behavioralemergencies.civicaconferences.com/2026-call-for-presenters/; http://www.behavioralemergencies.civicaconferences.com/about/
sabcs-2026,2026 San Antonio Breast Cancer Symposium,SABCS 2026,"UT Health San Antonio MD Anderson Cancer Center, American Association for Cancer Research, and Baylor College of Medicine",https://www.sabcs.org,https://www.sabcs.org,oncology,breast-cancer; cancer-research; clinical-trials,2026-12-08,2026-12-11,,San Antonio,Texas,US,,29.4241,-98.4936,"The San Antonio Breast Cancer Symposium is an annual meeting focused on breast cancer research, prevention, and treatment, co-sponsored by UT Health San Antonio, the American Association for Cancer Research, and Baylor College of Medicine. The 2026 symposium is held in San Antonio, Texas.",Abstract submission = 2026-07-13; Late-breaking abstract submission = 2026-09-30; Early registration = 2026-09-25,high,"Venue was not stated on the fetched pages, so it is left null rather than assumed. No SABCS 2027 dates were found published as of 2026-09-10.",https://www.sabcs.org; https://www.sabcs.org/Abstracts
ash-annual-2026,ASH Annual Meeting and Exposition 2026,ASH 2026,American Society of Hematology,https://www.hematology.org,https://www.hematology.org/meetings/annual-meeting,hematology; oncology,hematology; oncology; clinical-trials,2026-12-12,2026-12-15,hybrid,New Orleans,Louisiana,US,Ernest N. Morial Convention Center,29.9412,-90.0651,"The ASH Annual Meeting and Exposition is the primary scientific meeting of the American Society of Hematology, covering malignant and non-malignant blood disorders. The 68th edition is scheduled for December 12 to 15, 2026 at the Ernest N. Morial Convention Center in New Orleans, Louisiana, with in person and virtual attendance options.",Abstract submission opens = 2026-06-02; Abstract submission = 2026-08-04; Travel award application = 2026-08-04; Abstract withdrawal deadline = 2026-09-16; Late-breaking abstract submission opens = 2026-10-14; Late-breaking abstract submission = 2026-10-28; Abstract notification = 2026-11-04; Advance registration opens (members) = 2026-07-22; Advance registration opens (non-members) = 2026-08-12; Early registration = 2026-10-21,high,"Search results also referenced a generic August 2026 acceptance notification distinct from the November 4, 2026 presentation-format notification; only the precisely dated November 4 item is recorded as a deadline entry.",https://www.hematology.org/meetings/annual-meeting; https://www.hematology.org/meetings/annual-meeting/abstracts/call-for-abstracts; https://www.hematology.org/meetings/annual-meeting/registration-information
acnp-annual-2027,ACNP 65th Annual Meeting 2027,ACNP 2027,American College of Neuropsychopharmacology,https://acnp.org/,https://acnp.org/annual-meeting/,psychiatry,psychopharmacology; neuroscience; biological-psychiatry,2027-01-10,2027-01-13,in-person,San Diego,California,US,Manchester Grand Hyatt San Diego,32.7116,-117.1683,"The 65th ACNP Annual Meeting runs Sunday through Wednesday, January 10 to 13, 2027, at the Manchester Grand Hyatt in San Diego. Attendance is by membership or invitation, and poster abstract submission requires prior meeting registration.","Travel award application = 2026-05-14; Panel, mini-panel and study group chair submission = 2026-05-19; Panel presenter abstracts due = 2026-06-02; Panel, mini-panel and study group final submission = 2026-06-04; Member invited guest invitation requests = 2026-08-26; Poster abstract submission = 2026-08-27; Promising Targets abstract submission = 2026-10-28",high,"ACNP moved from December to January meetings starting with the 64th meeting (January 2026), so there was no calendar 2025 meeting and the 2026 edition has already ended. Poster and panel deadlines for the January 2027 meeting have passed; only the Promising Targets track remains open.",https://acnp.org/annual-meeting/; https://acnp.org/annual-meeting/submissions/; https://acnp.org/annual-meeting/travel-awards/; https://acnp.org/annual-meeting/dates-locations/; https://x.com/ACNPorg/status/1937163849871798301
apsard-2027,APSARD 2027 Annual Conference (American Professional Society of ADHD and Related Disorders),APSARD 2027,American Professional Society of ADHD and Related Disorders,https://apsard.org/,https://apsard.org/Web/Events/Annual-Conference.aspx,psychiatry,adhd; child-adolescent; general-psychiatry,2027-01-14,2027-01-17,,Washington,District of Columbia,US,Grand Hyatt Washington,38.899,-77.0225,"The APSARD 2027 Annual Conference takes place January 14 to 17, 2027 at the Grand Hyatt Washington. Poster and symposia submissions are accepted through the APSARD submission platform.",Emerging Leader Travel Award application = 2026-10-29,medium,Abstract deadlines could not be verified; the 2027 submission guidelines link points to a SharePoint file that requires authentication.,https://apsard.org/; https://apsard.org/Web/Events/Annual-Conference.aspx; https://apsard.secure-platform.com/site/; https://www.globenewswire.com/news-release/2026/01/15/3219495/34897/en/Collegium-to-Present-Four-Real-World-Data-Posters-at-APSARD-2026-Annual-Conference.html
asn-annual-2027,50th American Society of Neuroimaging Annual Meeting,ASN 2027,American Society of Neuroimaging,https://www.asnweb.org,https://www.asnweb.org/2027-annual-meeting,neurology; radiology,neuroradiology; imaging; stroke,2027-01-15,2027-01-17,in-person,Hilton Head Island,South Carolina,US,Omni Hilton Head Oceanfront Resort,32.1503,-80.7513,50th anniversary annual meeting of the American Society of Neuroimaging on clinical and research applications of neuroimaging.,Abstract submission = 2026-07-01,high,Registration closing date is not specified; registration was open as of the access date.,https://www.asnweb.org/2027-annual-meeting; https://www.asnweb.org/
prcp-international-congress-2027,22nd PRCP International Congress 2027 (with the 53rd Philippine Psychiatric Association Annual Convention),PRCP 2027,Pacific Rim College of Psychiatrists,https://www.prcp.org/,https://philippinepsychiatricassociation.org/conventions/,psychiatry,general-psychiatry; international; cultural,2027-01-19,2027-01-23,,Manila,Metro Manila,PH,"Crowne Plaza Manila Galleria (Ortigas Center, Quezon City)",14.5907,121.0608,The 22nd International Congress of the Pacific Rim College of Psychiatrists is held jointly with the 53rd Annual Convention of the Philippine Psychiatric Association under the theme Psychiatry Without Borders: Building Collaborative Mental Health Systems Across the Pacific Rim.,,medium,The PRCP website (prcp.org/conferences) repeatedly reset connections during research; the co-host PPA page was used instead.,https://philippinepsychiatricassociation.org/conventions/; https://www.prcp.org/leadership-messages
nans-annual-2027,North American Neuromodulation Society Annual Meeting 2027,NANS 2027,North American Neuromodulation Society,https://www.neuromodulation.org,https://www.nans.org/annual-meeting,neurology; surgery,neuromodulation; interventional,2027-01-21,2027-01-24,in-person,Las Vegas,Nevada,US,Caesars Palace,36.1162,-115.1745,"Annual meeting of the North American Neuromodulation Society, themed Neuromodulation Without Boundaries.",Registration and housing open = 2026-09-10; Abstract submission opens = 2026-06-01; Abstract submission = 2026-08-17; Late-breaking abstract submission opens = 2026-10-19; Early registration = 2026-10-27; Late-breaking abstract submission = 2026-11-02; Housing deadline = 2026-12-28,high,neuromodulation.org 301-redirects to nans.org; used the redirected official pages as source.,https://www.nans.org/annual-meeting; https://www.nans.org/callforproposals.html; https://www.nans.org/abstracts/
sts-annual-2027,63rd STS Annual Meeting,STS 2027,Society of Thoracic Surgeons,https://www.sts.org,https://www.sts.org/annualmeeting,surgery,thoracic-surgery; surgery,2027-01-28,2027-01-31,in-person,San Diego,California,US,San Diego Convention Center,32.7076,-117.1611,"The STS Annual Meeting is the principal scientific meeting of the Society of Thoracic Surgeons, covering cardiothoracic surgical research, techniques, and continuing education. The 63rd edition takes place at the San Diego Convention Center.",Abstract submission deadline = 2026-08-31,high,"Abstract decision notification was stated only as 'early October 2026' without an exact day, so no notification deadline row was recorded. No early-bird or advance registration deadline was found published on the official site as of the access date.",https://www.sts.org/education/future-annual-meetings; https://www.sts.org/calendar-of-events/63rd-sts-annual-meeting; https://www.sts.org/annual-meeting-faq; https://www.sts.org/abstract-submission
academic-surgical-congress-2027,22nd Annual Academic Surgical Congress 2027,ASC 2027,Association for Academic Surgery and Society of University Surgeons,https://www.aasurg.org/,https://www.academicsurgicalcongress.org/,surgery,surgery; student-resident-research; translational,2027-02-09,2027-02-11,in-person,Washington,District of Columbia,US,Washington Hilton,38.9207,-77.0431,"The Academic Surgical Congress is the joint annual meeting of the Association for Academic Surgery and the Society of University Surgeons for surgeon scientists. The 2027 edition is the 22nd annual meeting and takes place in Washington, D.C.",Abstract submission opens = 2026-06-20; Abstract submission = 2026-08-07; Manuscript submission for award consideration (Journal of Surgical Research) = 2026-12-04,medium,"The official academicsurgicalcongress.org and aasurg.org domains returned HTTP 403 Forbidden to direct fetch, so most details rely on search-engine snippets of those pages plus the academicsurgicalcongress.us mirror. There is an unresolved discrepancy between the abstract submission close date reported by the organizer's social media (August 7, 2026) and the academicsurgicalcongress.us portal (August 17, 2026); August 7 was used as the primary value because it was corroborated by multiple independent search snippets of the official site and repeated organizer social posts.",https://academicsurgicalcongress.us/; https://www.academicsurgicalcongress.org/abstracts/; https://x.com/AcademicSurgery/status/2077805905463181653; https://www.aasurg.org/future-meeting/academic-surgical-congress/
ins-annual-meeting-2027,International Neuropsychological Society 55th Annual Meeting 2027 (INS Boston 2027),INS 2027,International Neuropsychological Society,https://the-ins.org/,https://ins-boston-2027.oa-event.com/,psychiatry,neuropsychology; neuroscience; psychology; international,2027-02-10,2027-02-13,in-person,Boston,Massachusetts,US,Sheraton Boston Hotel,42.3465,-71.0839,"The 55th Annual Meeting of the International Neuropsychological Society is held in Boston under the theme From Neurocircuits to People. Submissions include posters, papers and symposia, with a late breaking poster session on Saturday 13 February 2027.",Abstract and symposium submission = 2026-08-19; Late-breaking poster submission opens = 2026-09-04; Late-breaking poster submission = 2026-10-07,high,The 2026 Annual Meeting was in Philadelphia (4 to 7 February 2026); 2026 prior deadlines not retrieved.,https://the-ins.org/wp-content/uploads/2026/05/INS-Boston-2027-Call-for-Abstracts-FINAL1.pdf; https://ins-boston-2027.oa-event.com/; https://the-ins.org/2027-prospectus/
isc-2027,International Stroke Conference 2027,ISC 2027,"American Stroke Association, a division of the American Heart Association",https://professional.heart.org/en/meetings/international-stroke-conference,https://professional.heart.org/en/meetings/international-stroke-conference,neurology,stroke; clinical-trials,2027-02-10,2027-02-12,in-person,Houston,Texas,US,George R. Brown Convention Center,29.7605,-95.3563,"The International Stroke Conference is the annual scientific meeting of the American Stroke Association, a division of the American Heart Association, focused on cerebrovascular disease research and clinical stroke care. The 2027 conference runs February 10 to 12, 2027, in Houston, Texas, with pre-conference symposia held on February 9, 2027.",Abstract submission deadline = 2026-08-18; Late-breaking science submission opens = 2026-09-30; Late-breaking science submission deadline = 2026-10-28,medium,"professional.heart.org and isc.hub.heart.org both blocked direct fetching with HTTP 403, so all dates rely on search engine snippets of these official American Heart Association pages rather than direct page content, hence confidence medium. Early registration deadline and travel/scholarship award deadlines for ISC 2027 were not found in the sources consulted and are left out rather than guessed; these should be verified directly on professional.heart.org when accessible.",https://professional.heart.org/en/meetings/international-stroke-conference; https://professional.heart.org/en/meetings/international-stroke-conference/submit-science; https://isc.hub.heart.org/daily-coverage/article/22959375/call-for-science-2027
uiuc-medx-2027,MEdX 2027: Medical Education Experience Conference and Faculty and Staff Awards,MEdX 2027,"Carle Illinois College of Medicine, University of Illinois Urbana-Champaign",https://medicine.illinois.edu,https://calendars.illinois.edu/list/5988,medical-education,uiuc; illinois; medical-education; education; student-resident-research,2027-02-11,2027-02-11,in-person,Champaign,Illinois,US,I Hotel and Conference Center,40.102,-88.2272,"MEdX is Carle Illinois College of Medicine's annual daylong medical education conference for faculty, students and staff, held together with the college's Faculty and Staff Awards. It covers best practices and scholarly work in medical education and is usually held in late January or early February at the I Hotel and Conference Center in Champaign.",,medium,"The Feb 11, 2027 date was read from a WebFetch text summary of the calendar list page rather than the individual event detail page, so confidence is medium. No separate abstract or proposal deadline was found; MEdX appears to be a registration based conference rather than a call for abstracts.",https://calendars.illinois.edu/list/5988; https://medicine.illinois.edu/about/events
aaaai-annual-2027,2027 AAAAI Annual Meeting,AAAAI 2027,"American Academy of Allergy, Asthma and Immunology",https://www.aaaai.org,https://annualmeeting.aaaai.org/,allergy-immunology,allergy; immunology; education,2027-02-19,2027-02-22,,New Orleans,Louisiana,US,,29.9511,-90.0715,"The AAAAI Annual Meeting is the main scientific conference of the American Academy of Allergy, Asthma and Immunology. The 2027 edition is scheduled for February 19 to 22 in New Orleans, Louisiana.",,high,Venue name and abstract or registration deadlines for the 2027 meeting have not been published as of 2026-09-10; only dates and host city are confirmed.,https://annualmeeting.aaaai.org/attendee/future-dates-locations
isctm-annual-2027,ISCTM 23rd Annual Scientific Meeting 2027,ISCTM 2027,International Society for CNS Clinical Trials and Methodology,https://isctm.org/,https://isctm.org/meeting/23rd-annual-scientific-meeting/,psychiatry,clinical-trials; psychopharmacology,2027-02-23,2027-02-25,in-person,Washington,District of Columbia,US,,38.9072,-77.0369,"The ISCTM 23rd Annual Scientific Meeting is scheduled for February 23 to 25, 2027, in Washington, DC, with preliminary events on February 22. Poster submissions close November 16, 2026 and New Investigator Award submissions close November 3, 2026.",Lewis A. Opler Prize recommendation = 2026-10-15; New Investigator Award submission = 2026-11-03; Poster submission = 2026-11-16; Session proposals for the 2028 Annual Meeting = 2027-01-07,high,"Third party listings name The Mayflower Hotel (1127 Connecticut Ave NW) as the venue, but the ISCTM site pages reviewed do not state a hotel, so venue is left null.",https://isctm.org/upcoming-at-isctm/; https://isctm.org/meeting/23rd-annual-scientific-meeting/; https://isctm.org/
acgme-annual-educational-2027,2027 ACGME Annual Educational Conference,ACGME 2027,Accreditation Council for Graduate Medical Education,https://www.acgme.org,https://www.acgme.org/annual-educational-conference,medical-education,medical-education; residency; quality-safety,2027-02-25,2027-02-27,in-person,San Antonio,Texas,US,,29.4241,-98.4936,"The Accreditation Council for Graduate Medical Education holds its 2027 Annual Educational Conference in San Antonio, Texas. The conference covers graduate medical education, accreditation, and residency program administration.",Call for Abstracts opens = 2026-08-17; Abstract submission = 2026-09-24,medium,"One indexed ACGME e-communication snippet referenced Atlanta and the Georgia World Congress Center in the same context as a future Annual Educational Conference; at least seven independent official page snippets confirm San Antonio, Texas for the February 25 to 27, 2027 conference, so the Atlanta reference likely belongs to a different year (possibly 2028) and should be checked directly on acgme.org.",https://www.acgme.org/annual-educational-conference; https://www.acgme.org/newsroom/e-communication
aadprt-annual-2027,AADPRT Annual Meeting 2027,AADPRT 2027,American Association of Directors of Psychiatric Residency Training,https://www.aadprt.org/,https://www.aadprt.org/annual-meeting/2027-annual-meeting,psychiatry,education; general-psychiatry,2027-02-28,2027-03-04,in-person,Nashville,Tennessee,US,Gaylord Opryland Resort and Convention Center,36.2128,-86.6936,"The annual meeting of psychiatry residency and fellowship training directors and program administrators. Presentation formats are workshops, posters, Innovations Showcase presentations and a new Arts in Action session on March 3, 2027.","Early registration closes = 2026-08-31; Abstract submission deadline (workshops, posters, Innovations Showcase, Arts in Action) = 2026-09-22; Hotel room block opens = 2026-10-01; Abstract selection announcement = 2026-11-02; Regular registration opens = 2026-12-04; Poster contest submissions open = 2026-12-04; Regular registration closes = 2027-01-07; Poster contest submissions close = 2027-01-14; Late registration closes = 2027-02-02",high,"Abstract submission opening date is not stated on the site. Meeting year for the Feb 28 to Mar 4 dates is inferred from the page title (2027 Annual Meeting); February 28, 2027 is a Sunday, consistent with the stated weekday.",https://www.aadprt.org/annual-meeting/2027-annual-meeting; https://www.aadprt.org/annual-meeting/workshops-posters; https://www.aadprt.org/meet-aadprt/calendar; https://www.aadprt.org/annual-meeting/2026-annual-meeting
aaos-annual-2027,AAOS 2027 Annual Meeting,AAOS 2027,American Academy of Orthopaedic Surgeons,https://www.aaos.org/,https://www.aaos.org/annual/,orthopedics,orthopedics; surgery,2027-03-03,2027-03-06,in-person,Las Vegas,Nevada,US,Venetian Convention and Expo Center,36.1212,-115.1693,"The AAOS Annual Meeting is the flagship educational and networking meeting of the American Academy of Orthopaedic Surgeons for orthopedic surgeons. The 2027 edition takes place at the Venetian Convention and Expo Center in Las Vegas, Nevada.",Abstract submission = 2026-06-01; Early registration = 2026-12-06; Advance registration and cancellation deadline = 2027-01-24,medium,"All aaos.org pages returned a header overflow error on direct fetch, so every date was confirmed only via search engine result snippets rather than direct page content. Multiple independent search queries returned consistent dates, but this could not be cross-checked against full page text.",https://www.aaos.org/annual/attend/future-meetings/; https://www.aaos.org/callforabstracts; https://www.aaos.org/annual/attend/registration/
srnt-annual-2027,SRNT Annual Meeting 2027,SRNT 2027,Society for Research on Nicotine and Tobacco,https://srnt.org/,https://srnt.org/future-annual-meetings/,addiction-medicine; psychiatry; psychology,nicotine; addiction; psychopharmacology,2027-03-03,2027-03-06,in-person,San Francisco,California,US,,37.7749,-122.4194,"The Society for Research on Nicotine and Tobacco holds its annual meeting in San Francisco, California from March 3 to 6, 2027. The meeting covers nicotine and tobacco research spanning addiction medicine, psychiatry, and psychology.",Abstract submission opens = 2026-06-15; Abstract submission deadline = 2026-07-31,high,"Venue within San Francisco not yet specified on the official page. Notification (mid November 2026) and rapid submission window opening (December 2026) are stated only at month level, so they are not included as dated deadline entries; a maintainer may want to check back closer to those months for exact dates.",https://srnt.org/future-annual-meetings/
acns-annual-2027,ACNS 2027 Annual Meeting and Courses,ACNS 2027,American Clinical Neurophysiology Society,https://www.acns.org,https://www.acns.org/meetings/meetings--programs-calendar/2027,neurology,epilepsy; neurocritical-care; education,2027-03-04,2027-03-07,,Seattle,Washington,US,Hyatt Regency Seattle,47.6131,-122.3322,"The American Clinical Neurophysiology Society holds its 2027 Annual Meeting and Courses at the Hyatt Regency Seattle in Seattle, Washington, from 4 to 7 March 2027. The program covers clinical neurophysiology topics including EEG, EMG, and neurocritical care monitoring.",Scientific program and course submission opens = 2026-04-15; Scientific program and course submission = 2026-05-31; Poster abstract submission opens = 2026-10-01; Poster abstract submission = 2026-11-15; Housing block deadline = 2027-02-08,high,Advance registration is stated to open in October 2026 without a specific day and was therefore omitted from the deadlines list rather than assigning an invented day.,https://www.acns.org/meetings/meetings--programs-calendar/2027; https://www.acns.org/meetings/annual-meeting-and-courses
actrims-forum-2027,ACTRIMS Forum 2027,ACTRIMS Forum 2027,Americas Committee for Treatment and Research in Multiple Sclerosis,https://www.actrims.org,https://www.forum.actrims.org/,neurology,multiple-sclerosis; clinical-trials; student-resident-research,2027-03-11,2027-03-13,hybrid,Phoenix,Arizona,US,Phoenix Convention Center,33.4491,-112.0716,"ACTRIMS Forum is the annual scientific and clinical meeting of the Americas Committee for Treatment and Research in Multiple Sclerosis. The 2027 Forum, themed Charting the Path Forward, is held in Phoenix, Arizona with an online option for virtual attendees.",Abstract submission opens = 2026-08-03; Regular abstract submission deadline = 2026-11-06; Late-breaking abstract submission opens = 2026-11-09; Late-breaking abstract submission deadline = 2026-12-04; Abstract notification = 2027-01-08; Early registration deadline = 2027-02-10; Group registration deadline = 2027-02-15; In-person registration deadline = 2027-03-01; Virtual registration deadline = 2027-03-10,high,"The official presenter-guidelines page appears to still carry stale 2024 content under a 2027 header, so a presenter registration deadline and abstract title release date could not be reliably confirmed for 2027 and were omitted rather than guessed. No travel award or scholarship deadline was found on the official site for this edition.",https://www.forum.actrims.org/; https://www.forum.actrims.org/submit; https://www.forum.actrims.org/register; https://www.forum.actrims.org/presenter-guidelines
uscap-annual-2027,2027 USCAP Annual Meeting,USCAP 2027,United States and Canadian Academy of Pathology,https://uscap.org/,https://2027am.uscap.org/,pathology,pathology; translational; education; student-resident-research,2027-03-13,2027-03-18,in-person,Vancouver,British Columbia,CA,,49.2827,-123.1207,"The USCAP Annual Meeting is the main scientific meeting of the United States and Canadian Academy of Pathology, featuring platform and poster presentations across anatomic and clinical pathology subspecialties. The 2027 edition, the 116th annual meeting, will be held in Vancouver, British Columbia, Canada, with all presenters required to attend in person.",Abstract submission = 2026-09-24,high,"Direct WebFetch of the dedicated 2027am.uscap.org meeting site returned HTTP 403; uscap.org/abstracts/ and uscap.org/uscap-annual-meeting/ were fetched directly instead and corroborate each other. Notification timing was stated only as 'late October' without an exact day, so no notification deadline entry was recorded. Venue for the 2027 meeting is not yet specified on the pages accessed. Early/regular registration deadlines for 2027 were not found on the pages accessed.",https://uscap.org/abstracts/; https://uscap.org/uscap-annual-meeting/
iawmh-world-congress-2027,11th World Congress on Women's Mental Health 2027,IAWMH 2027,International Association for Women's Mental Health,https://iawmh.org/,https://iawmh2027.org/,psychiatry,womens-mental-health; perinatal; international,2027-03-14,2027-03-17,,Sitges,Catalonia,ES,Hotel Meliá Sitges,41.2368,1.8239,"The 11th World Congress on Women's Mental Health is organized by the International Association for Women's Mental Health and hosted by the Women and Mental Health working group of the Catalan Society of Psychiatry and Mental Health. The theme is integrating a biopsychosocial approach in women's mental health, with oral presentations, posters, symposia and workshops.",Abstract submission opens = 2026-02-15; Symposium and workshop submission = 2026-09-30; Oral and poster abstract submission = 2026-10-30; Undergraduate student submission = 2026-12-23 (estimated),high,Symposium deadline is three weeks away as of the research date.,https://iawmh2027.org/; https://iawmh.org/congress/
sccm-critical-care-congress-2027,Society of Critical Care Medicine 2027 Critical Care Congress,SCCM Critical Care Congress 2027,Society of Critical Care Medicine,https://www.sccm.org,https://sccm.org/annual-congress/critical-care-conference,pulmonary-critical-care,critical-care,2027-03-14,2027-03-16,,San Diego,California,US,San Diego Convention Center,32.7075,-117.1605,"The Critical Care Congress is the Society of Critical Care Medicine's annual meeting on critical care research and practice. The 2027 congress runs March 14 to 16 at the San Diego Convention Center, preceded by precongress educational programming on March 12 and 13.",Abstract and case report submission opens = 2026-06-01; Abstract and case report submission = 2026-09-03,high,,https://sccm.org/annual-congress/abstracts-and-case-reports; https://sccm.org/annual-congress/critical-care-conference
adpd-2027,"AD/PD 2027, 21st International Conference on Alzheimer's and Parkinson's Diseases",AD/PD 2027,AD/PD Conference (organized by Kenes Group),https://adpd.kenes.com,https://adpd.kenes.com/,neurology; neuroscience; geriatrics,dementia; movement-disorders; clinical-trials,2027-03-16,2027-03-20,hybrid,Barcelona,Catalonia,ES,Centre Convencions Internacional Barcelona (CCIB),41.4098,2.2186,"AD/PD is a biennial hybrid conference covering advances in science and therapy for Alzheimer's disease, Parkinson's disease and related neurodegenerative disorders. The 2027 edition is the 21st in the series and is expected to draw about 5000 delegates.",Abstract submission deadline = 2026-09-01; Abstract submission deadline (extended) = 2026-09-08; Early registration deadline = 2026-12-09,high,Both the initial (2026-09-01) and extended (2026-09-08) abstract deadlines fall before this data was compiled (2026-09-10); only the early registration deadline remains upcoming. Author notifications expected mid-October 2026 (exact date not published).,https://adpd.kenes.com/; https://adpd.kenes.com/abstract-submission/; https://www.prnewswire.com/il/news-releases/adpd-2027-organized-by-kenes-group-issues-global-call-for-abstracts-on-alzheimers-parkinsons-and-related-disorders-302843745.html
asnr-neurorehab-annual-2027,American Society of Neurorehabilitation Annual Meeting 2027 (ASNR2027),ASNR2027,American Society of Neurorehabilitation,https://www.asnr.com,https://www.asnr.com/i4a/pages/index.cfm?pageid=3717,neurology; rehabilitation,stroke,2027-03-16,2027-03-18,,Durham,North Carolina,US,Durham Convention Center,35.9946,-78.8987,"The American Society of Neurorehabilitation Annual Meeting brings together clinicians and researchers working on recovery of function after neurological injury, with a focus areas including stroke motor recovery and neuromodulation. The 2027 meeting is currently announced only as a save the date.",,medium,"Only a save-the-date has been announced, via ASNR's own official X/Twitter and Facebook accounts; the main asnr.com site does not yet have a full ASNR2027 program page with abstract or registration deadlines. This is the American Society of Neurorehabilitation, distinct from the similarly-abbreviated American Society of Neuroradiology (also ASNR), which was excluded.",https://x.com/ASNRehab/status/2039774878035742895; https://www.facebook.com/ASNRehabilitation/posts/-mark-your-calendar-our-2027-annual-meeting-will-be-march-16-18th-in-durham-nort/1442243110934417/; https://www.asnr.com/i4a/pages/index.cfm?pageID=3980&activateFull=true
aahpm-annual-assembly-2027,2027 Annual Assembly of Hospice and Palliative Care,AAHPM/HPNA Assembly 2027,American Academy of Hospice and Palliative Medicine and Hospice and Palliative Nurses Association,https://aahpm.org,https://aahpm.org/education-events/annual-assembly/,palliative-care,palliative-care; nursing,2027-03-17,2027-03-20,in-person,Pittsburgh,Pennsylvania,US,David L. Lawrence Convention Center,40.4508,-79.9934,"The 2027 Annual Assembly of Hospice and Palliative Care is the joint annual conference of the American Academy of Hospice and Palliative Medicine and the Hospice and Palliative Nurses Association, held at the David L. Lawrence Convention Center in Pittsburgh, Pennsylvania. The program covers clinical research, education, and practice guidance in hospice and palliative care.",Abstract submission = 2026-07-13,medium,Dates and venue confirmed through a partner coalition listing rather than a directly fetched AAHPM page; the official aahpm.org annual assembly page did not return full readable content on direct fetch.,https://www.nationalcoalitionhpc.org/event/annual-assembly-2027/; https://aahpm.org/education-events/annual-assembly/; https://aahpm.org/wp-content/uploads/2024/10/v2_2025_Subsequent_Call_Abstract_Submission_Guide.pdf
anpa-annual-2027,American Neuropsychiatric Association 37th Annual Meeting 2027,ANPA 2027,American Neuropsychiatric Association,https://anpaonline.org/,https://anpaonline.org/events/anpa-meeting-2027,psychiatry,neuroscience; biological-psychiatry; general-psychiatry,2027-03-17,2027-03-20,in-person,Albuquerque,New Mexico,US,Hotel Albuquerque at Old Town,35.0966,-106.669,"The 37th ANPA Annual Meeting takes place March 17 to 20, 2027, at Hotel Albuquerque at Old Town in Albuquerque, New Mexico. Abstracts are due October 2, 2026 and accepted abstracts are published in The Journal of Neuropsychiatry and Clinical Neurosciences.",Abstract submission = 2026-10-02; Hotel block reservation = 2027-02-22,high,Hotel Chaco is listed as an alternative hotel. No early registration deadline is published.,https://anpaonline.org/events/anpa-meeting-2027; https://anpaonline.org/resources/call-for-abstracts; https://anpaonline.org/
asent-annual-2027,ASENT 2027 Annual Meeting and Clinical Trials Course,ASENT 2027,American Society for Experimental NeuroTherapeutics,https://www.asent.org,https://www.asent.org/event-6832053,neurology; neuroscience,clinical-trials; translational; neuroscience,2027-03-17,2027-03-19,in-person,Bethesda,Maryland,US,Hyatt Regency Bethesda,38.9847,-77.0947,"Annual meeting of the American Society for Experimental NeuroTherapeutics on drug and device development for nervous system disorders, preceded by a Clinical Trials Course on March 15 to 16, 2027.",Abstract submission = 2026-09-07,medium,"The abstract submission deadline of September 7, 2026 comes from a single source (site homepage listing) and could not be cross-confirmed on the dedicated abstract guidelines page.",https://www.asent.org/event-6832053; https://www.asent.org; https://www.asent.org/Abstract-Guidelines
ispn-annual-2027,ISPN 2027 Annual Conference,ISPN 2027,International Society of Psychiatric-Mental Health Nurses,https://www.ispn-psych.org,https://www.ispn-psych.org/2027-annual-conference,psychiatry; nursing,general-psychiatry; nursing; education,2027-03-17,2027-03-20,,Asheville,North Carolina,US,Renaissance Asheville Downtown Hotel,35.5951,-82.5515,"The International Society of Psychiatric Mental Health Nurses holds its 2027 annual conference in Asheville, North Carolina. The program theme addresses psychiatric nursing leadership through crisis, innovation and transformation.",Abstract submission = 2026-08-31,high,,https://www.ispn-psych.org/2027-annual-conference; https://www.ispn-psych.org/2027-call-for-abstracts
sbsm-annual-2027,Society for Biopsychosocial Science and Medicine 84th Annual Meeting 2027 (formerly American Psychosomatic Society),SBSM 2027,Society for Biopsychosocial Science and Medicine (formerly American Psychosomatic Society),https://thesbsm.org/,https://thesbsm.org/2027-annual-meeting/,psychiatry,psychosomatic; consultation-liaison; behavioral; psychology; international,2027-03-17,2027-03-20,in-person,New Orleans,Louisiana,US,,29.9511,-90.0715,"The 84th annual scientific meeting of the society formerly known as the American Psychosomatic Society, covering mind, brain, body and social context in medicine. The 2027 theme is Biopsychosocial Mechanisms of Restorative Practices for Health and Healing Across the Lifespan.","Abstract submission deadline (symposium, standard abstract, case based) = 2026-09-16",high,"The 2027 meeting page also contains the phrase 'three types of submissions for the September 8th deadline', which conflicts with the September 16, 2026 deadline stated elsewhere on the same page; the September 16 date is stated explicitly with a time and is treated as authoritative. Venue hotel not yet published.",https://thesbsm.org/2027-annual-meeting/; https://thesbsm.org/future-annual-meetings/
amda-paltc-2027,PALTC27 Annual Conference,PALTC27,Society for Post-Acute and Long-Term Care Medicine (AMDA / PALTmed),https://paltmed.org,https://paltmed.org/events/paltc27-annual-conference,geriatrics,geriatric; primary-care,2027-03-18,2027-03-20,hybrid,Albuquerque,New Mexico,US,Albuquerque Convention Center,35.0844,-106.6504,"PALTC27 is the annual conference of the Society for Post-Acute and Long-Term Care Medicine, held at the Albuquerque Convention Center in Albuquerque, New Mexico. The conference is described as available both online and in person and covers clinical practice and education for professionals working in post-acute and long-term care.",,medium,Abstract or poster submission deadlines for PALTC27 had not been published as of access date.,https://paltmed.org/events/paltc27-annual-conference
aad-annual-2027,2027 AAD Annual Meeting,AAD 2027,American Academy of Dermatology,https://www.aad.org,https://www.aad.org/member/meetings-education/am27,dermatology,dermatology; education,2027-03-19,2027-03-23,in-person,San Francisco,California,US,Moscone Center,37.7841,-122.4013,"The 2027 AAD Annual Meeting is the American Academy of Dermatology's main scientific and educational conference, held in San Francisco, California from March 19 to 23, 2027.",Abstract submission = 2026-09-02,high,Registration deadlines (early/regular) for AAD 2027 are not yet published; the official page states registration details are forthcoming. Abstract deadline time of day (11:59 a.m. CST) as extracted may actually be 11:59 p.m.; maintainer should verify time on the official page closer to the deadline.,https://www.aad.org/member/meetings-education/am27; https://www.bing.com/search?q=%22AAD+2027%22+San+Francisco+Moscone+registration
nanos-annual-2027,NANOS 53rd Annual Meeting 2027,NANOS 2027,North American Neuro-Ophthalmology Society,https://www.nanosweb.org,https://www.nanosweb.org/i4a/pages/index.cfm?pageid=4040,neurology; ophthalmology,vision-research,2027-03-19,2027-03-23,,San Diego,California,US,Sheraton San Diego Hotel & Marina,32.7215,-117.2137,"The NANOS Annual Meeting is the principal scientific meeting of the North American Neuro-Ophthalmology Society. The 53rd edition is scheduled for San Diego, California.",,medium,No specific abstract submission or registration deadline dates were published on the official site at time of research; only a note that early-bird registration would open in fall 2026.,https://www.nanosweb.org/i4a/pages/index.cfm?pageid=4040
cns-annual-2027,Cognitive Neuroscience Society Annual Meeting 2027,CNS 2027,Cognitive Neuroscience Society,https://www.cogneurosociety.org,https://www.cogneurosociety.org/annual-meeting/,neuroscience; psychology,neuroscience; psychology; education,2027-03-20,2027-03-23,,Boston,Massachusetts,US,,42.3601,-71.0589,"The Cognitive Neuroscience Society holds its annual meeting on the biological basis of mind in Boston, Massachusetts. The program includes invited symposia, poster sessions and the society's career and young investigator award lectures.",Submissions open = 2026-09-01; Symposium proposal submission = 2026-09-14; Award nomination (George A. Miller and Distinguished Career Contributions) = 2026-09-25; Award nomination (Young Investigator) = 2026-10-02; Travel award application opens = 2026-10-05; Registration opens = 2026-10-23; Abstract submission (poster) = 2026-11-03; Travel award application deadline = 2026-11-03; Late-breaking abstract submission = 2027-01-19; Early registration = 2027-01-05; Hotel reservation deadline = 2027-02-24,high,"An initial automated summary of the dates-and-deadlines page misstated the city as Davis, California; a direct quote from the official annual-meeting page and the society's own announcement confirm Boston, Massachusetts is correct.",https://www.cogneurosociety.org/dates-and-deadlines/; https://www.cogneurosociety.org/annual-meeting/
smfm-pregnancy-meeting-2027,2027 SMFM Pregnancy Meeting,SMFM 2027,Society for Maternal-Fetal Medicine,https://www.smfm.org,https://www.smfm.org/events/2027-pregnancy-meeting,obstetrics-gynecology,perinatal; maternal-fetal; obstetrics,2027-03-21,2027-03-26,in-person,National Harbor,Maryland,US,Gaylord National Resort and Convention Center,38.7895,-77.0158,"The Pregnancy Meeting is the annual scientific meeting of the Society for Maternal Fetal Medicine, featuring postgraduate courses, scientific forums, and oral and poster presentations on maternal fetal medicine. The 2027 edition takes place at the Gaylord National in National Harbor, Maryland.",Abstract submission opens = 2026-07-10; Abstract submission = 2026-09-14; Abstract notification = 2026-11-06; Abstract withdrawal deadline = 2026-11-13; Registration opens = 2026-10-05; Late-breaking abstract submission opens = 2026-11-16; Late-breaking abstract submission = 2026-12-21; Late-breaking abstract notification = 2027-01-11,high,"A separate fetch of smfm.org/abstracts returned content that appeared to describe the prior (2026, Las Vegas) meeting brochure rather than 2027; the dates used here come from the official smfm2027.eventscribe.net abstracts page, which is internally consistent and corroborated by an independent secondary source. Maintainer may want to re-check smfm.org/abstracts once it updates fully to the 2027 cycle.",https://www.smfm.org/events/2027-pregnancy-meeting; https://smfm2027.eventscribe.net/aaStatic.asp?SFP=WUZHRU1WTUZAMjY1NDVAQWJzdHJhY3Rz; https://fertility.news/opportunities/abstract-submission18843/
shm-converge-2027,SHM Converge 2027,SHM Converge 2027,Society of Hospital Medicine,https://www.hospitalmedicine.org,https://shmconverge.hospitalmedicine.org/,hospital-medicine,hospital-medicine; quality-safety,2027-03-30,2027-04-02,in-person,Las Vegas,Nevada,US,Mandalay Bay Resort and Casino,36.0908,-115.1758,"SHM Converge 2027 is the annual conference of the Society of Hospital Medicine, held at Mandalay Bay Resort and Casino in Las Vegas, Nevada. The program includes pre courses, didactic sessions, and workshops covering clinical and professional topics in hospital medicine.",Speaker and topic proposal submission = 2026-05-03,medium,"General scientific or research abstract submission dates for SHM Converge 2027, as distinct from speaker and topic proposals, were not found published as of access date.",https://shmconverge.hospitalmedicine.org/; https://www.conferenceabstracts.com/uploads/documents/26574/2027FormalDidacticKeynoteGuidelines.pdf
adaa-annual-2027,ADAA 2027 Annual Conference,ADAA 2027,Anxiety and Depression Association of America,https://adaa.org/,https://adaa.org/adaa-conference,psychiatry,anxiety; mood-disorders; trauma; ocd; psychotherapy; psychology,2027-04-01,2027-04-03,in-person,Atlanta,Georgia,US,Atlanta Marriott Marquis,33.7617,-84.3857,"The ADAA 2027 Annual Conference is scheduled for April 1 to 3, 2027, in Atlanta with a theme on innovation and dissemination of effective treatment. ADAA opens submissions for symposia, workshops, roundtables, posters and awards after Labor Day each year; specific 2027 deadlines were not retrievable.","Symposia, workshops, roundtables and state of the art session proposals = 2026-10-16 (estimated)",medium,"adaa.org sits behind a bot challenge, so details came from search engine snippets of official pages and from the ADAA member community site. Venue should be re-verified. This is the only anxiety and depression conference in the set, so there is no duplication with SOBP.",https://adaa.org/calendar/adaa-2027-conference-atlanta; https://adaa.org/adaa-conference; https://x.com/ADAA_Anxiety/status/1970488669564817438; https://community.adaa.org/events/event-description?CalendarEventKey=f464ab5b-b75e-49f4-b262-019820ac7158&hlmlt=ED
aacr-annual-2027,AACR Annual Meeting 2027,AACR 2027,American Association for Cancer Research,https://www.aacr.org,https://www.aacr.org/meeting/aacr-annual-meeting-2027/,oncology,oncology; cancer-research; translational; clinical-trials,2027-04-02,2027-04-07,in-person,Orlando,Florida,US,Orange County Convention Center,28.4258,-81.4571,"The AACR Annual Meeting is a large multidisciplinary cancer research meeting organized by the American Association for Cancer Research, covering the full spectrum from basic and translational research to prevention and survivorship. The 2027 edition is scheduled for April 2 to 7, 2027 at the Orange County Convention Center in Orlando, Florida.","Abstract submission opens = 2026-09-28; Abstract submission = 2026-11-10; Late-breaking abstract submission opens = 2026-12-02; Late-breaking abstract submission = 2027-01-06; Abstract notification = 2026-12-21; Abstract scheduling notification = 2027-01-21; Late-breaking abstract notification = 2027-02-03; Early registration = 2026-12-07; Advance registration = 2027-02-12; Travel award application = 2026-11-10; Travel award application, Faculty Scholar = 2026-11-24; Travel award application, Undergraduate Scholar = 2026-12-04",high,,https://www.aacr.org/meeting/aacr-annual-meeting-2027/key-dates/; https://www.aacr.org/meeting/aacr-annual-meeting-2027/
epa-congress-2027,35th European Congress of Psychiatry (EPA 2027),EPA 2027,European Psychiatric Association,https://www.europsy.net/,https://epa-congress.org/,psychiatry,general-psychiatry; international,2027-04-03,2027-04-06,hybrid,Florence,Tuscany,IT,Fortezza da Basso (Firenze Fiera Congress Centre),43.7816,11.2489,"The 35th European Congress of Psychiatry, organized by the European Psychiatric Association, takes place in Florence under the motto Innovating Mental Health: Towards Personalised and Integrated Care. The programme includes a dedicated track for early career psychiatrists and educational courses.",Session proposal submission = 2026-05-13; Abstract submission = 2026-09-21; Early registration = 2027-01-27; Presenter confirmation and registration = 2027-02-01,high,"Format recorded as hybrid because the congress site references online access to key sessions and EPA 2026 offered virtual registration; confirm before publishing. Venue name from Firenze Fiera and aggregator listings, not stated on the congress home page.",https://epa-congress.org/abstract-submission/; https://www.europsy.net/epa-2027/; https://www.europsy.net/past-future-congresses/; https://2026.epa-congress.org/abstract-submission/
aapp-annual-2027,AAPP 2027 Annual Meeting,AAPP 2027,"American Association of Psychiatric Pharmacists (AAPP, formerly CPNP)",https://aapp.org/,https://aapp.org/ed/meeting/2027,psychiatry; pharmacy,psychopharmacology; pharmacy; general-psychiatry; education,2027-04-04,2027-04-07,in-person,Louisville,Kentucky,US,The Galt House Hotel,38.2569,-85.7595,"The American Association of Psychiatric Pharmacists, formerly the College of Psychiatric and Neurologic Pharmacists, holds its 2027 annual meeting at The Galt House Hotel in Louisville, Kentucky, from April 4 to 7, 2027. The organization renamed itself from CPNP to AAPP in 2022 and continues to use the name Annual Meeting for this event.",Abstract submission = 2026-12-01 (estimated),medium,"Organizer name confirmed as American Association of Psychiatric Pharmacists (AAPP), formerly College of Psychiatric and Neurologic Pharmacists (CPNP), renamed in 2022; the event is still called the AAPP Annual Meeting, not renamed. Meeting dates, city and venue for 2027 are confirmed on the official site with high confidence, but no official abstract, registration or travel award deadlines for 2027 could be located; the single deadline entry above is a low-confidence estimate flagged accordingly. Maintainer should recheck aapp.org/ed/meeting/2027 closer to the event for a published call for abstracts and registration deadlines.",https://aapp.org/ed/meeting/futureannual; https://aapp.org/ed/meeting/2027; https://aapp.org/about; https://aapp.org/ed/meeting/2025; https://en.wikipedia.org/wiki/American_Association_of_Psychiatric_Pharmacists
asam-2027,ASAM 58th Annual Conference 2027,ASAM 2027,American Society of Addiction Medicine,https://www.asam.org/,https://annualconference.asam.org/,psychiatry,addiction,2027-04-08,2027-04-11,,Minneapolis,Minnesota,US,,44.9778,-93.265,"The ASAM 58th Annual Conference, Innovations in Addiction Medicine and Science, is scheduled for April 8 to 11, 2027 in Minneapolis. The online schedule also lists region meetings and preconference activity beginning April 6.",Poster abstract submission = 2027-01-22 (estimated),medium,"The aggregator eMedEvents lists this meeting as November 4 to 7, 2027 at the Minneapolis Convention Center; the official site banner shows April 8 to 11, 2027, so the official dates are used. Venue not stated on the official site.",https://annualconference.asam.org/; https://annualconference.asam.org/agenda.asp?pfp=FullSchedule; https://www.abstractscorecard.com/cfp/submit/login.asp?EventKey=QGXZGRAR; https://mwsam.org/mwsam-society-of-addiction-medicine-events-and-continuing-education-credits/
sca-annual-meeting-2027,2027 SCA Annual Meeting & Workshops,SCA 2027,Society of Cardiovascular Anesthesiologists,https://scahq.org,https://scahq.org/event/2027-sca-annual-meeting-workshops/,anesthesiology; cardiology,anesthesia; cardiovascular,2027-04-08,2027-04-11,,Las Vegas,Nevada,US,Bellagio,36.1126,-115.1767,The SCA Annual Meeting and Workshops is the Society of Cardiovascular Anesthesiologists' annual conference on cardiovascular and thoracic anesthesia. The 2027 meeting is its 49th edition and is scheduled for the Bellagio in Las Vegas.,,high,"Abstract submission deadline for the 2027 meeting has not yet been published (only registration/housing opening of Dec 4 is listed). In recent prior years the SCA abstract deadline has fallen in early December of the preceding year, but this could not be independently verified for 2026 or 2027 within the search budget available, so no estimated deadline is included.",https://scahq.org/event/2027-sca-annual-meeting-workshops/
aans-annual-2027,AANS Annual Scientific Meeting 2027,AANS 2027,American Association of Neurological Surgeons,https://www.aans.org,https://annualmeeting.aans.org/,neurology; surgery,neurosurgery; student-resident-research,2027-04-09,2027-04-12,in-person,San Diego,California,US,San Diego Convention Center,32.7069,-117.1611,"Annual scientific meeting of the American Association of Neurological Surgeons, themed Navigating the Impossible.",Abstract submission opens = 2026-07-22; Abstract submission = 2026-10-01; Abstract notification = 2027-01-15 (estimated); Registration deadline (presenting authors) = 2027-03-05,high,,https://annualmeeting.aans.org/; https://annualmeeting.aans.org/abstract-center/; https://visitsandiego.com/calendar/2208999-american-association-of-neurological-surgeons-aans-2027
escmid-global-2027,ESCMID Global 2027,ESCMID Global 2027,European Society of Clinical Microbiology and Infectious Diseases,https://www.escmid.org,https://www.escmid.org/escmid-global/,infectious-disease,infectious-disease; clinical-trials; international; global,2027-04-09,2027-04-13,,Stockholm,Stockholm County,SE,,59.3293,18.0686,"ESCMID Global is the annual congress of the European Society of Clinical Microbiology and Infectious Diseases, covering clinical microbiology, infectious diseases, and related research. The 2027 congress is held in Stockholm, Sweden.",Abstract submission opens = 2026-10-07; Abstract submission = 2026-11-18; Registration opens = 2026-10-28; Early registration = 2027-02-10; Regular registration = 2027-03-10,high,Venue name was not stated on the fetched page.,https://www.escmid.org/escmid-global/
acc-annual-2027,ACC.27 Together with WCC (ACC Annual Scientific Session 2027),ACC.27,American College of Cardiology,https://www.acc.org,https://accscientificsession.acc.org/,cardiology,cardiovascular; clinical-trials; international,2027-04-10,2027-04-12,in-person,Houston,Texas,US,,29.7604,-95.3698,"ACC.27 Together with WCC is the American College of Cardiology's annual scientific session, held jointly with the World Heart Federation's World Congress of Cardiology. The meeting presents cardiovascular research across more than 60 topic areas including cardio oncology, digital health, and sports cardiology.",Abstract submission opens = 2026-08-25; Abstract submission = 2026-10-06; Young Investigator Award submission = 2026-08-14,high,"Venue name within Houston not specified on public pages. accscientificsession.acc.org/Information-Pages/future-meetings only lists ACC.28 and ACC.29, not ACC.27 directly; ACC.27 dates confirmed via the session's own homepage and a local chapter listing instead.",https://accscientificsession.acc.org/Submit-Your-Science/Abstracts; https://accscientificsession.acc.org/; https://accmn.org/event/acc-27-annual-scientific-session/; https://abstractsdue.ie/conferences/acc-27-together-with-wcc-2027
sirs-congress-2027,SIRS 2027 Congress,SIRS 2027,Schizophrenia International Research Society,https://schizophreniaresearchsociety.org/,https://sirs.societyconference.com/v2/,psychiatry,schizophrenia; international; biological-psychiatry,2027-04-10,2027-04-14,in-person,Montreal,Quebec,CA,Palais des congres de Montreal,45.5037,-73.5609,"The SIRS 2027 Congress will be held April 10 to 14, 2027, at the Palais des congres de Montreal. Early career award applications, which require a submitted abstract, opened August 6, 2026 and close December 1, 2026.",Early career award application opens = 2026-08-06; Early career award application = 2026-12-01; Abstract submission (oral and poster) = 2026-12-01 (estimated); Late breaking poster submission = 2027-02-10 (estimated),medium,"The congress portal (sirs.societyconference.com) is JavaScript rendered and could not be read; verify the abstract deadline there. The 2026 submission window (opened August 7, 2025, closed December 4, 2025) came from the society site via search.",https://schizophreniaresearchsociety.org/; https://schizophreniaresearchsociety.org/meetings/past-and-future-meetings/; https://schizophreniaresearchsociety.org/meetings/early-career-award-program/; https://schizophreniaresearchsociety.org/meetings/abstract-submissions/
aas-2027,AAS27: American Association of Suicidology 60th Annual Conference,AAS 2027,American Association of Suicidology,https://suicidology.org/,https://suicidology.org/conference/,psychiatry,suicide; community; psychology,2027-04-11,2027-04-15,,Dallas,Texas,US,Hyatt Regency Dallas,32.7756,-96.8087,"The 60th AAS Annual Conference runs April 11 to 15, 2027 in Dallas with preconference workshops on April 11 and 12, the main conference April 13 to 15 and the Healing After Suicide Loss Summit on April 15. Formats include workshops, paper presentations and posters.",Session proposal submission opens = 2026-08-07; Session proposal submission = 2026-10-30; Presenter registration deadline = 2027-01-25; Poster submission = 2027-02-01; Poster presenter registration deadline = 2027-02-15,high,"AAS26 was held May 17 to 22, 2026 at the America's Center Convention Complex in St. Louis; the 2027 meeting moves to April.",https://suicidology.org/conference/; https://suicidology.org/aas27-session-proposals-now-open/; https://aas27.vfairs.com/; https://aas26.eventscribe.net/aaStatic.asp?SFP=QUpGVVhIS1pAMjQ2NTBARkFRcw
amia-2027-amplify-informatics-summit,AMIA 2027 Amplify Informatics Conference,AMIA 2027 Informatics Summit,American Medical Informatics Association,https://amia.org,https://amia.org/education-events/2027-amplify-informatics-conference,informatics,informatics,2027-04-12,2027-04-15,in-person,Atlanta,Georgia,US,Hyatt Regency Atlanta,33.7627,-84.39,"The American Medical Informatics Association holds its 2027 Amplify Informatics Conference at the Hyatt Regency Atlanta in Atlanta, Georgia. Starting in 2026, AMIA combined its former Informatics Summit and Clinical Informatics Conference into this single spring event.",Proposal submission = 2026-09-03,medium,"AMIA rebranded the Informatics Summit as the Amplify Informatics Conference beginning with an inaugural 2026 edition, merging it with the former Clinical Informatics Conference; this record tracks that series as the successor to the Informatics Summit requested. amia.org blocks automated fetching (Cloudflare check), so data comes from Google search snippets quoting the official pages directly.",https://amia.org/education-events/2027-amplify-informatics-conference; https://amia.org/education-events/upcoming-events; https://amia.org/education-events/summit-proposals
sbm-2027,Society of Behavioral Medicine 48th Annual Meeting and Scientific Sessions 2027,SBM 2027,Society of Behavioral Medicine,https://www.sbm.org/,https://www.sbm.org/events/annual-meeting,psychiatry,behavioral; psychology; psychosomatic,2027-04-14,2027-04-17,,Atlanta,Georgia,US,Hilton Atlanta,33.7594,-84.3856,"The SBM 2027 Annual Meeting takes place April 14 to 17, 2027 at the Hilton Atlanta under the theme Partnerships that Produce: Real World Applications of Our Science. Accepted abstracts are published in a supplement of Annals of Behavioral Medicine.",Abstract submission opens = 2026-07-16; Abstract submission = 2026-09-04; Early registration = 2027-02-17,high,"The main abstract deadline passed on September 4, 2026; rapid communication posters follow in November.",https://www.sbm.org/events/annual-meeting; https://www.sbm.org/events/annual-meeting/program/abstracts; https://www.emedevents.com/c/medical-conferences-2026/society-of-behavioral-medicine-sbm-2026-annual-meeting-scientific-sessions
acp-internal-medicine-meeting-2027,ACP Internal Medicine Meeting 2027,ACP IM 2027,American College of Physicians,https://www.acponline.org,https://annualmeeting.acponline.org/,internal-medicine,primary-care; student-resident-research,2027-04-15,2027-04-17,hybrid,Los Angeles,California,US,Los Angeles Convention Center,34.0403,-118.2695,"The ACP Internal Medicine Meeting 2027 is the annual scientific and educational conference of the American College of Physicians, held in Los Angeles, California. It includes clinical education sessions, pre courses, and the ACP National Abstract Competitions for medical students, residents, fellows, and associates.",Abstract submission opens = 2026-10-01; Abstract submission = 2026-11-12; Early registration = 2027-01-31,high,,https://annualmeeting.acponline.org/about/internal-medicine-meeting-2027-frequently-asked-questions; https://www.acponline.org/membership/residents/competitions-awards/acp-national-abstract-competitions; https://www.laconventioncenter.com/events/detail/acp-internal-medicine-meeting-2027
aagp-annual-2027,AAGP Annual Meeting 2027,AAGP 2027,American Association for Geriatric Psychiatry,https://aagponline.org/,https://aagponline.org/event/2027-annual-meeting/,psychiatry,geriatric; general-psychiatry,2027-04-16,2027-04-19,in-person,San Diego,California,US,Sheraton San Diego Hotel & Marina,32.7245,-117.2007,"The annual meeting of the American Association for Geriatric Psychiatry, with general sessions, clinical case presentations, data blitz talks, power symposia and poster sessions. The 2027 theme is Connecting and Collaborating to Advance Geriatric Mental Health.","Submission opens (General Session, Clinical Case Presentation, Data Blitz, Power Symposia) = 2026-06-15; General Session, Clinical Case Presentation, Data Blitz and Power Symposia submission deadline = 2026-09-14; Poster submission opens = 2026-08-17; Poster abstract submission deadline = 2026-09-25; Late-breaking poster submission opens = 2026-11-30; Late-breaking poster submission deadline = 2027-01-11",high,"One AAGP page excerpt and aggregator sites list April 15 to 19, 2027; the official event page and meeting hub say April 16 to 19, so April 15 is probably a pre meeting day. Registration opening date and hotel block deadline not yet published.",https://aagponline.org/meeting-hub/; https://aagponline.org/event/2027-annual-meeting/; https://aagponline.org/annual-meeting-location/
translational-science-2027,Translational Science 2027,TS27,Association for Clinical and Translational Science,https://www.actscience.org,https://www.actscience.org/Translational-Science,health-services,translational; clinical-trials,2027-04-20,2027-04-23,in-person,Washington,District of Columbia,US,,38.9072,-77.0369,"The Association for Clinical and Translational Science holds Translational Science 2027 in Washington, DC. The meeting is in person only and covers clinical and translational research methods and infrastructure.",,medium,Session and poster proposal submissions are open as of the research date but no specific closing date could be confirmed on accessible pages; check actscience.org/Call-for-Proposals directly for the current deadline.,https://www.actscience.org/Translational-Science; https://www.actscience.org/Call-for-Proposals
pas-meeting-2027,2027 Pediatric Academic Societies Meeting,PAS 2027,"Pediatric Academic Societies (American Pediatric Society, Society for Pediatric Research, Academic Pediatric Association, American Academy of Pediatrics)",https://www.pas-meeting.org/,https://www.pas-meeting.org/2027-key-dates/,pediatrics,pediatrics; neonatology; student-resident-research; education,2027-04-30,2027-05-03,,Minneapolis,Minnesota,US,,44.9778,-93.265,"The Pediatric Academic Societies Meeting is the joint annual research meeting of the American Pediatric Society, the Society for Pediatric Research, the Academic Pediatric Association and the American Academy of Pediatrics. The 2027 meeting is held in Minneapolis and features scholarly sessions, workshops and abstract presentations in pediatric research.",Scholarly session proposal submission opens = 2026-08-03; Abstract submission opens = 2026-08-12; Scholarly session proposal submission deadline = 2026-09-16; Workshop proposal submission deadline = 2026-09-16; Late ancillary event proposal window opens = 2026-09-17; Scholarly session selection notification = 2026-11-11; Abstract submission deadline = 2026-11-02; Late ancillary event proposal deadline = 2027-03-03; Early registration deadline = 2027-03-16; Abstract submission notification = 2027-01-19,high,The specific venue was not stated on the official pages fetched; coordinates given are for Minneapolis city center rather than a named venue. Some official date ranges are given as spans (for example the scholarly session and workshop calls both run 2026-08-03 to 2026-09-16); the opening date of the scholarly session call and the deadline of the workshop call are recorded above and cross referenced by note to avoid duplicate near-identical entries.,https://www.pas-meeting.org/; https://www.pas-meeting.org/2027-key-dates/
aan-annual-2027,2027 AAN Annual Meeting,AAN 2027,American Academy of Neurology,https://www.aan.com,https://www.aan.com/events/annual-meeting,neurology,stroke; epilepsy; headache; movement-disorders; dementia; multiple-sclerosis; neuromuscular; clinical-trials; student-resident-research,2027-05-01,2027-05-05,hybrid,Washington,District of Columbia,US,,38.9072,-77.0369,"The AAN Annual Meeting is the flagship scientific and educational meeting of the American Academy of Neurology. The 2027 edition is held in Washington, D.C. and online, with plenary sessions, abstract presentations, and continuing medical education across neurology subspecialties.",Abstract submission deadline = 2026-10-13; Abstract disclosure deadline = 2026-11-19; Late-breaking abstract submission opens = 2026-12-01; Late-breaking abstract submission deadline = 2027-02-10,high,"Registration deadlines and a specific Washington DC venue for 2027 are not yet published as of 2026-09-10; AAN states registration opens in early November 2026. Regular abstract notification is stated only as late January 2027 and late-breaking notification as mid-March 2027, with no exact date published, so these were omitted rather than invented. Venue not yet announced, so coordinates are the Washington DC city center.",https://www.aan.com/events/annual-meeting; https://www.aan.com/events/annual-meeting/abstracts; https://www.aan.com/events/annual-meeting/registration
apa-annual-2027,American Psychiatric Association Annual Meeting 2027,APA 2027,American Psychiatric Association,https://www.psychiatry.org/,https://www.psychiatry.org/psychiatrists/meetings/annual-meeting,psychiatry,general-psychiatry; international,2027-05-01,2027-05-05,hybrid,New York,New York,US,,40.758,-73.9855,"The 180th annual meeting of the American Psychiatric Association, held in New York City with more than 400 scientific sessions and over 1,000 posters. The presidential theme is Our Future: End Stigma, Advance Science, Secure Parity.",General session submission = 2026-09-10; Course submission = 2026-09-10; Poster abstract submission = 2026-09-10; Mental Health Innovation Zone panel submission = 2026-09-10; New Research poster submission opens = 2026-11-12; New Research poster submission deadline = 2027-01-08; Registration cancellation deadline (full refund) = 2027-02-11,high,"Venue not yet published on psychiatry.org; prior New York meetings used the Jacob K. Javits Convention Center, so coordinates point to Midtown Manhattan. The 2026 general submission deadline (September 11, 2025) comes from a search engine snippet of the psychiatry.org FAQ. 2026 registration opened November 12, 2025, the same calendar day the 2027 New Research poster site opens, so 2027 registration may follow a similar pattern; not confirmed.",https://www.psychiatry.org/psychiatrists/meetings/annual-meeting; https://www.psychiatry.org/psychiatrists/education/meeting-submission-and-guidelines/annual-meeting-submission-guidelines; https://www.psychiatry.org/psychiatrists/education/meeting-submission-and-guidelines/annual-meeting-submission-guidelines/frequently-asked-questions; https://www.psychiatry.org/psychiatrists/meetings; https://www.psychiatry.org/psychiatrists/meetings/annual-meeting/about; https://www.psychiatry.org/psychiatrists/meetings/annual-meeting/registration
stfm-annual-spring-conference-2027,2027 STFM Annual Spring Conference,STFM 2027,Society of Teachers of Family Medicine,https://www.stfm.org,https://www.stfm.org/conferences/annual/overview/,family-medicine,primary-care; medical-education; residency,2027-05-01,2027-05-05,in-person,Chicago,Illinois,US,Sheraton Grand Chicago Riverwalk,41.8897,-87.6249,"The 2027 STFM Annual Spring Conference is the yearly meeting of the Society of Teachers of Family Medicine, held at the Sheraton Grand Chicago Riverwalk in Chicago, Illinois. The conference brings together family medicine educators for presentations on teaching, research, and clinical practice.",Presentation proposal submission = 2026-09-04,high,"Fellow, resident, and student research poster call deadline for 2027 not yet published as of access date.",https://www.stfm.org/conferences/annual/call-for-presentations/; https://www.stfm.org/conferences/generalinformation/future-dates/
arrs-annual-2027,ARRS 2027 Annual Meeting,ARRS 2027,American Roentgen Ray Society,https://www.arrs.org,https://www2.arrs.org/am27/,radiology,radiology; imaging; education; clinical-trials,2027-05-02,2027-05-05,hybrid,Denver,Colorado,US,Sheraton Denver Downtown Hotel,39.7392,-104.9903,"The American Roentgen Ray Society holds its 2027 Annual Meeting from May 2 to 5, 2027, at the Sheraton Denver Downtown Hotel in Denver, Colorado. The meeting is offered both in person and online and covers general and subspecialty diagnostic radiology topics.",Abstract submission = 2026-08-28,high,"No early or regular registration deadline, or travel award deadline, was published on the official ARRS 2027 pages as of 2026-09-10. Venue coordinates are approximated using Denver city center since precise hotel coordinates could not be verified from an official source.",https://www2.arrs.org/am27/; https://www2.arrs.org/am27/call-for-abstracts-arrs-2027/
arvo-annual-2027,ARVO 2027 Annual Meeting,ARVO 2027,Association for Research in Vision and Ophthalmology,https://www.arvo.org,https://www.arvo.org/annual-meeting,ophthalmology,ophthalmology; vision-research,2027-05-02,2027-05-06,in-person,San Diego,California,US,,32.7157,-117.1611,"ARVO 2027 is the annual meeting of the Association for Research in Vision and Ophthalmology, scheduled for May 2 to 6, 2027 in San Diego, California.",Abstract submission opens = 2026-10-16; Abstract submission deadline = 2026-12-04; Abstract received notification = 2026-12-09; Abstract acceptance/rejection notification = 2027-01-14; Abstract scheduling and presentation type notification = 2027-02-11,medium,"arvo.org returns HTTP 403 to direct automated fetching (apparent bot protection) on every page tried; all ARVO data in this record was retrieved through the r.jina.ai reader proxy rather than a direct fetch, though the proxy mirrors the same live official content rather than a search snippet. Venue for ARVO 2027 in San Diego was not stated on the pages retrieved, so city-center coordinates are used instead of venue coordinates. The prior edition (ARVO 2026) was stated to be in Denver, Colorado, but exact 2026 dates were not confirmed and are omitted rather than guessed.",https://www.arvo.org/annual-meeting; https://www.arvo.org/annual-meeting/abstracts; https://www.arvo.org/annual-meeting/about/future-meetings
sgim-annual-meeting-2027,2027 SGIM Annual Meeting,SGIM 2027,Society of General Internal Medicine,https://www.sgim.org,https://annualmeeting.sgim.org/,internal-medicine,primary-care; health-services; student-resident-research,2027-05-05,2027-05-08,in-person,Seattle,Washington,US,,47.6062,-122.3321,"The 2027 SGIM Annual Meeting is the yearly scientific conference of the Society of General Internal Medicine, held in Seattle, Washington. The 2027 edition marks the fiftieth anniversary of the society and includes scientific abstract sessions, special symposia, and workshops on general internal medicine research, education, and clinical care.",Special symposia submission opens = 2026-07-14; Special symposia submission = 2026-08-04; Scientific abstract submission = 2026-12-11,medium,Venue not yet specified on official pages as of access date. Scientific abstract deadline sourced from a secondary aggregator because the official scientific-abstracts page returned HTTP 404 on direct fetch; verify directly before relying on it.,https://www.sgim.org/event/2027-sgim-annual-meeting/; https://annualmeeting.sgim.org/present/special-symposia/; https://rigormd.com/meetings/sgim-2027
uiuc-uicomp-peoria-research-day-2027,University of Illinois College of Medicine Peoria Research Day 2027,UICOMP Research Day 2027,University of Illinois College of Medicine Peoria,https://peoria.medicine.uic.edu,https://peoria.medicine.uic.edu/uicomp-research/research-day/,internal-medicine; medical-education; public-health,uiuc; student-resident-research; clinical-trials; education; illinois,2027-05-05,2027-05-05,in-person,Peoria,Illinois,US,University of Illinois College of Medicine Peoria campus,40.6936,-89.589,"Research Day is the annual showcase of the research enterprise on the Peoria regional campus of the University of Illinois College of Medicine, open to faculty, students, residents, and fellows, with abstract submission and poster and oral presentations, limited to two first author submissions per person. The 2027 edition is scheduled for May 5, 2027, though 2027 abstract and poster printing deadlines had not been published as of September 2026.",,high,,https://peoria.medicine.uic.edu/events/research-day-2026/; https://peoria.medicine.uic.edu/uicomp-research/research-day/
sobp-annual-2027,Society of Biological Psychiatry 82nd Annual Meeting 2027,SOBP 2027,Society of Biological Psychiatry,https://sobp.org/,https://sobp.org/sobp-annual-meeting/,psychiatry,biological-psychiatry; neuroscience; genetics,2027-05-06,2027-05-08,in-person,Chicago,Illinois,US,Sheraton Grand Chicago Riverwalk,41.8894,-87.62,"The 2027 SOBP Annual Meeting takes place May 6 to 8, 2027, in Chicago under the theme The Metabolic Brain. Travel fellowship applications for the meeting close October 5, 2026; the oral and poster abstract deadline has not been posted on the society site as of September 2026.","Travel fellowship application (predoctoral, early career North American, early career international) = 2026-10-05; Symposium proposal submission = 2026-09-25 (estimated); Honorific award nominations = 2026-10-23 (estimated); Oral and poster abstract submission = 2026-12-04 (estimated); Late breaking poster abstract submission = 2027-02-12 (estimated)",medium,"The 2026 meeting (81st) was April 30 to May 2, 2026, at the New York Marriott Marquis; its deadlines were not recoverable, so the prior edition block uses the verified 2025 cycle. Only the travel fellowship deadline for 2027 is published; the abstract deadline should be checked on the conference portal (sobp.societyconference.com), which is JavaScript rendered.",https://sobp.org/sobp-annual-meeting/; https://x.com/SOBP/status/2051738029602005020; https://sobp.org/travel-fellowship-award-predoctoral-scholars/; https://sobp.org/travel-fellowship-awards-early-career-investigator-international/; https://sobp.org/submission/; https://sobp.org/2026-sobp-annual-meeting/
ismrm-annual-2027,2027 ISMRM & ISMRT Annual Meeting & Exhibition,ISMRM 2027,International Society for Magnetic Resonance in Medicine,https://www.ismrm.org/,https://www.ismrm.org/27m/,radiology,radiology; imaging; education,2027-05-08,2027-05-13,,Vancouver,British Columbia,CA,,49.2827,-123.1207,"The ISMRM and ISMRT Annual Meeting and Exhibition brings together magnetic resonance researchers, clinicians, and technologists for scientific presentations and educational sessions. The 2027 edition will be held in Vancouver, British Columbia, Canada, organized jointly by ISMRM and ISMRT.",,medium,"Direct WebFetch of ismrm.org pages returned only truncated titles; content was instead retrieved through a read-only proxy (r.jina.ai) that mirrored the official page text. That official text explicitly states abstract submission, registration, housing, and venue details for 2027 are not yet published. Several third-party aggregator search snippets claimed an abstract window of 1-28 October 2026 for the 2027 meeting, but this could not be confirmed on the official site and appears to conflate the prior (2026) cycle's schedule, so it was not recorded. Venue and meeting format (in-person/hybrid) are unconfirmed for 2027.",https://www.ismrm.org/27m/; https://www.ismrm.org/meetings-workshops/future-ismrm-meetings/; https://x.com/ISMRM/status/2060863878452384097; https://www.ismrm.org/26m/call/
pns-annual-2027,2027 Peripheral Nerve Society Annual Meeting,PNS 2027,Peripheral Nerve Society,https://www.pnsociety.com,https://pnsociety.com/2027-pns-annual-meeting/,neurology; neuroscience,neuromuscular,2027-05-08,2027-05-11,,Chicago,Illinois,US,Hilton Chicago,41.8725,-87.6244,"The Peripheral Nerve Society Annual Meeting covers research on peripheral neuropathy, with parallel sessions from consortia covering Charcot-Marie-Tooth disease, inflammatory neuropathies, inherited neuropathies and related conditions. The meeting is open only to healthcare professionals and researchers, not patients or the general public.",Abstract submission opens = 2026-09-11; Mini symposia submission deadline = 2026-09-18; Abstract submission deadline = 2026-12-11; Registration opens = 2027-01-14; Early bird registration deadline = 2027-03-05,high,Note the certificate mismatch on www.pnsociety.com; the non-www https://pnsociety.com domain was used successfully instead.,https://pnsociety.com/2027-pns-annual-meeting/
heart-rhythm-2027,Heart Rhythm 2027,HRS 2027,Heart Rhythm Society,https://www.hrsonline.org,https://www.hrsonline.org/event/heart-rhythm-2027/,cardiology,cardiovascular; electrophysiology,2027-05-13,2027-05-16,hybrid,San Francisco,California,US,Moscone Center,37.784,-122.4013,Heart Rhythm is the Heart Rhythm Society's annual scientific meeting on cardiac electrophysiology and arrhythmia management. The 2027 meeting is scheduled for the Moscone Center in San Francisco with an online viewing option in addition to in person attendance.,,medium,"hrsonline.org and heartrhythm.com both returned HTTP 403 on direct fetch. Dates (May 13-16, 2027), city, venue, and hybrid/online format are taken from search engine snippets of the official pages rather than a direct fetch. Heart Rhythm 2027 abstract and late-breaking science submission deadlines have not yet been published; only Heart Rhythm 2026 (April 23-26, 2026, Chicago) deadlines were found, e.g. late-breaking science extended deadline Feb 8, 2026.",https://www.hrsonline.org/event/heart-rhythm-2027/; https://heartrhythm.com/attend/future-meetings
ashnr-asnr-annual-2027,ASHNR/ASNR 2027 Joint Annual Meeting,ASNR 2027,American Society of Neuroradiology,https://www.asnr.org,https://www.asnr.org/ashnr-asnr-annual-meeting-2027/,radiology; neurology,radiology; neuroradiology; imaging; education; stroke,2027-05-14,2027-05-19,in-person,San Diego,California,US,Hilton San Diego Bayfront,32.7033,-117.1587,"The American Society of Neuroradiology and the American Society of Head and Neck Radiology hold a joint annual meeting from May 14 to 19, 2027, at the Hilton San Diego Bayfront in San Diego, California. The ASHNR portion runs May 14 to 16 and the ASNR portion runs May 16 to 19, covering neuroradiology and related head and neck imaging topics.",Abstract submission = 2026-11-04; Abstract acceptance notification (notif) = 2027-01-29,high,"The call for abstracts page does not print the year for the November 4 submission deadline; 2026 was inferred because the stated notification date of January 29, 2027 must follow it and precede the May 2027 meeting. No registration or travel award deadlines were found on official pages as of 2026-09-10.",https://www.asnr.org/ashnr-asnr-annual-meeting-2027/; https://www.asnr.org/ashnr-asnr-2027-call-for-abstracts/
ats-international-conference-2027,ATS 2027 International Conference,ATS 2027,American Thoracic Society,https://www.thoracic.org,https://site.thoracic.org/conference,pulmonary-critical-care,pulmonary; critical-care; sleep,2027-05-14,2027-05-19,,New Orleans,Louisiana,US,,29.9511,-90.0715,"The ATS International Conference is the American Thoracic Society's annual meeting on pulmonary, critical care, and sleep medicine research. The 2027 conference is scheduled for New Orleans, Louisiana.",Abstract submission = 2026-11-04; Learning Studio proposal submission = 2026-10-14,high,site.thoracic.org/conference/program/ats-2027-call-for-input returned HTTP 404; the main site.thoracic.org/conference page provided direct confirmation instead. Venue within New Orleans not stated on the fetched page.,https://site.thoracic.org/conference
ddw-2027,Digestive Disease Week 2027,DDW 2027,"Digestive Disease Week (American Gastroenterological Association, American Association for the Study of Liver Diseases, American Society for Gastrointestinal Endoscopy, Society for Surgery of the Alimentary Tract)",https://www.ddw.org,https://www.ddw.org,gastroenterology,gastroenterology; hepatology; clinical-trials,2027-05-15,2027-05-18,hybrid,Washington,District of Columbia,US,,38.9072,-77.0369,"Digestive Disease Week is an annual meeting for physicians and researchers in gastroenterology, hepatology and related fields, jointly sponsored by four gastroenterology societies. The 2027 meeting is held in Washington, D.C. with an online component.",Late-breaking abstract submission = 2027-03-18; Early registration = 2027-04-29,medium,"The regular, non-late-breaking abstract submission deadline for DDW 2027 has not yet been published as of 2026-09-10; it typically opens in the preceding fall or winter. Venue was not stated on the fetched page.",https://www.ddw.org
ranzcp-congress-2027,RANZCP 2027 Congress,RANZCP 2027,Royal Australian and New Zealand College of Psychiatrists,https://www.ranzcp.org/,https://www.congress.ranzcp.org/2027-congress,psychiatry,general-psychiatry; international; cultural,2027-05-16,2027-05-20,hybrid,Christchurch,Canterbury,NZ,Te Pae Christchurch Convention Centre,-43.5295,172.6357,"The RANZCP 2027 Congress is held at Te Pae Christchurch Convention Centre under the theme Resilience, Recovery and Growth: Kia Manawanui, Kia Manawaroa. The programme combines clinical practice, research, cultural perspectives and lived experience contributions.",Abstract submission opens = 2026-07-27; Pre-congress workshop abstract submission = 2026-09-04; Registration opens = 2026-10-12; Abstract submission (congress sessions) = 2026-10-16; Early registration = 2027-02-26,high,"Hybrid delivery stated on the RANZCP events page; the congress site describes an in person gathering. Two abstract deadlines apply (workshops in September, congress sessions in October).",https://www.congress.ranzcp.org/keydates; https://www.ranzcp.org/events-learning/ranzcp-2027-congress; https://www.congress.ranzcp.org/abstract-submissions
insar-2027,INSAR 2027 Annual Meeting (International Society for Autism Research),INSAR 2027,International Society for Autism Research,https://www.autism-insar.org/,https://insar.confex.com/insar/2027/cfp.cgi,psychiatry,autism; child-adolescent; neuroscience; international; global,2027-05-18,2027-05-21,in-person,Cape Town,Western Cape,ZA,Cape Town International Convention Centre (CTICC),-33.9153,18.4262,"The INSAR 2027 Annual Meeting is planned for May 18 to 21, 2027 in Cape Town, the first INSAR meeting on the African continent. Accepted panels, oral presentations and posters must be presented in person and there is no late breaking abstract round.",Abstract submission = 2026-10-16; Conflict of interest disclosure by all authors = 2026-11-12; Abstract notifications = 2027-01-28,medium,"Date discrepancy: the INSAR call for abstracts states May 18 to 21, 2027 while the University of Cape Town host announcement states May 19 to 22. The venue is reported as CTICC on INSAR registration pages indexed by search; autism-insar.org blocks automated fetches so this was not read directly.",https://insar.confex.com/insar/2027/cfp.cgi; https://health.uct.ac.za/cara/articles/2026-05-12-insar-2027-will-be-cape-town; https://insar.confex.com/insar/2026/cfp.cgi
saem-annual-meeting-2027,SAEM27 Annual Meeting,SAEM27,Society for Academic Emergency Medicine,https://www.saem.org,https://www.saem.org/meetings-and-events/annual-meeting,emergency-medicine,emergency-medicine; student-resident-research,2027-05-18,2027-05-21,,San Francisco,California,US,San Francisco Marriott Marquis,37.7846,-122.4034,The SAEM Annual Meeting is the Society for Academic Emergency Medicine's annual conference on emergency medicine research and education. The 2027 meeting is scheduled for the San Francisco Marriott Marquis.,Abstract submission opens = 2026-11-02; Abstract submission = 2027-01-05; Presenter disclosure and bio deadline = 2027-04-01,high,,https://www.saem.org/meetings-and-events/annual-meeting/annual-meeting-navigation/education/submission-deadlines
esoc-2027,13th European Stroke Organisation Conference,ESOC 2027,European Stroke Organisation,https://eso-stroke.org,https://eso-stroke.org/esoc2027/,neurology; surgery,stroke; international,2027-05-19,2027-05-21,in-person,Vienna,Vienna,AT,,48.2082,16.3738,"The European Stroke Organisation plans its 13th conference in Vienna, Austria, from 19 to 21 May 2027, marking the organisation's twentieth anniversary. The conference is planned as an onsite only event without a virtual attendance option.",,medium,"The exact date range (19 to 21 May 2027) is drawn from consistent secondary sources (cmeandchill.com, showsbee.com, clocate.com) since the official eso-stroke.org page embeds its dates in an image rather than extractable text; this is a lower-confidence source than a directly readable official page. Venue name and abstract deadlines are not yet published.",https://eso-stroke.org/esoc2027/; https://eso-stroke.org/esoc2027/abstracts/
ags-annual-scientific-meeting-2027,AGS 2027 Annual Scientific Meeting,AGS 2027,American Geriatrics Society,https://www.americangeriatrics.org,https://meeting.americangeriatrics.org/,geriatrics,geriatric; dementia,2027-05-20,2027-05-22,in-person,Atlanta,Georgia,US,Georgia World Congress Center,33.7627,-84.4008,"The AGS 2027 Annual Scientific Meeting is the yearly conference of the American Geriatrics Society, held at the Georgia World Congress Center in Atlanta, Georgia, with a pre conference day preceding the main program. The meeting covers clinical research, education, and quality improvement topics in geriatric medicine.",Abstract submission = 2026-12-02,high,,https://meeting.americangeriatrics.org/submissions; https://meeting.americangeriatrics.org/about/past-future-meetings
acog-acsm-2027,2027 ACOG Annual Clinical and Scientific Meeting,ACOG ACSM 2027,American College of Obstetricians and Gynecologists,https://www.acog.org,https://annualmeeting.acog.org/,obstetrics-gynecology,obstetrics; gynecology; reproductive; maternal-fetal,2027-05-21,2027-05-23,,Los Angeles,California,US,,34.0522,-118.2437,"The American College of Obstetricians and Gynecologists holds its Annual Clinical and Scientific Meeting for obstetrician gynecologists and related clinicians. The 2027 meeting is held in Los Angeles, California.",,medium,"The official site confirms the 2027 meeting dates and city but had not published an exact abstract submission deadline, a named venue, or a registration deadline as of 2026-09-10 despite the abstract call already being open; the deadlines list is therefore left empty rather than estimated. City center coordinates are used since no specific venue was found. This session's web search quota was exhausted before a further attempt could be made to find the exact abstract deadline via search, so only official-page fetch results are reflected here.",https://annualmeeting.acog.org/future-acsms/; https://annualmeeting.acog.org/call-for-proposals-2027/; https://annualmeeting.acog.org/
aua-annual-2027,AUA 2027 Annual Meeting,AUA 2027,American Urological Association,https://www.auanet.org/,https://www.auanet.org/aua2027,urology,urology; surgery,2027-05-21,2027-05-24,in-person,San Diego,California,US,San Diego Convention Center,32.7069,-117.1611,"The AUA Annual Meeting is the annual scientific meeting of the American Urological Association, covering clinical practice and research in urology. The 2027 edition takes place at the San Diego Convention Center in San Diego, California.",Abstract submission opens = 2026-08-03; Abstract submission = 2026-11-02; Abstract decision notification = 2027-01-07; Presenter response and registration deadline = 2027-02-16; Registration opens = 2026-12-01 (estimated),high,,https://www.auanet.org/aua2027; https://www.auanet.org/AUA2027/abstracts/abstract-guidelines
ibia-world-congress-2027,16th World Congress on Brain Injury,IBIA WCBI 2027,International Brain Injury Association,https://www.internationalbrain.org,https://braininjurycongress.org/,neurology; rehabilitation; surgery,brain-injury; rehabilitation; neurocritical-care,2027-05-23,2027-05-26,in-person,Halifax,Nova Scotia,CA,Halifax Convention Centre,44.6476,-63.5728,"Biennial world congress of the International Brain Injury Association on research, treatment, rehabilitation and advocacy for traumatic and acquired brain injury.",Abstract submission = 2026-10-23,high,Registration deadline is not yet published; full program details expected Winter 2026.,https://www.internationalbrain.org/about/announcing-the-16th-world-congress-on-brain-injury-2027-ibia-world-congress; https://braininjurycongress.org/; https://braininjurycongress.org/program/
ispor-2027,ISPOR 2027,ISPOR 2027,"ISPOR, the Professional Society for Health Economics and Outcomes Research",https://www.ispor.org,https://www.ispor.org/conferences-education/upcoming-conferences/ispor-2027,health-services,health-economics; decision-science; health-services,2027-05-23,2027-05-26,in-person,Denver,Colorado,US,,39.7392,-104.9903,"ISPOR, the professional society for health economics and outcomes research, holds its 2027 annual conference in Denver, Colorado. All presenting authors are required to present in person.",Workshop and Issue Panel submission opens = 2026-10-02; Workshop and Issue Panel submission = 2026-12-11; Research abstract submission opens = 2026-10-30; Research abstract submission = 2027-01-08,high,"The 2026 ISPOR annual conference already concluded (May 2026), so only 2027 is included.",https://www.ispor.org/conferences-education/upcoming-conferences; https://www.ispor.org/conferences-education/upcoming-conferences/abstract-information; https://www.ispor.org/conferences-education/upcoming-conferences/ispor-2027
aps-2027,2027 APS Annual Convention (Association for Psychological Science),APS 2027,Association for Psychological Science,https://www.psychologicalscience.org/,https://www.psychologicalscience.org/conventions/2027-aps-annual-convention,psychiatry,psychology; international,2027-05-27,2027-05-30,in-person,Seattle,Washington,US,Hyatt Regency Seattle,47.6143,-122.3325,"The 2027 APS Annual Convention is held May 27 to 30, 2027 at the Hyatt Regency Seattle. APS is changing the call for submissions structure for 2027; presenters must present on site.",Call for submissions opens = 2026-10-15; Financial assistance application opens = 2026-10-15; Registration opens = 2026-11-02; Submission deadline = 2026-12-01; Financial assistance deadline = 2026-12-12; Early registration = 2027-04-15; Presenter registration deadline = 2027-05-06,high,"The APS plan your trip page contains a typo giving the year as 2026; all other pages state May 27 to 30, 2027.",https://www.psychologicalscience.org/conventions/2027-aps-annual-convention; https://www.psychologicalscience.org/conventions/2027-aps-annual-convention/call-for-submissions; https://www.psychologicalscience.org/conventions/2027-aps-annual-convention/plan-your-trip; https://www.psychologicalscience.org/conventions/2026-aps-annual-convention/call-for-submissions
ascp-annual-2027,ASCP Annual Meeting 2027,ASCP 2027,American Society of Clinical Psychopharmacology,https://ascpp.org/,https://ascpp.org/meeting-hub/,psychiatry,psychopharmacology; clinical-trials,2027-06-01,2027-06-04,in-person,Chicago,Illinois,US,Chicago Marriott Downtown Magnificent Mile,41.8922,-87.6244,"The 2027 ASCP Annual Meeting (formerly NCDEU) is scheduled for June 1 to 4, 2027, in Chicago. Submissions for panels, posters, new investigator awards and pipeline presentations opened in September 2026 with deadlines running from November 2026 to March 2027.",Panel and workshop proposals = 2026-11-17; Award nominations open = 2026-11-01; Poster and individual research report submission = 2027-01-27; New Investigator Award application = 2027-01-27; Award nominations close = 2027-01-27; Pharmaceutical pipeline presentation submission = 2027-02-18; Late breaking poster submission opens = 2027-02-24; Late breaking poster submission = 2027-03-12,high,"An aggregator (eMedEvents) lists May 25 to 28, 2027; the official ascpp.org award and NIA pages state June 1 to 4, 2027, which is used here. The 2026 submission deadlines were not recoverable from the site.",https://ascpp.org/meeting-hub/; https://ascpp.org/ascp-meetings/ascp-annual-meeting/new-investigator-program/; https://ascpp.org/the-henry-nasrallah-award/; https://ascpp.org/ascp-meetings/ascp-annual-meeting/past-meetings/
cmsc-annual-2027,CMSC 2027 Annual Meeting,CMSC 2027,Consortium of Multiple Sclerosis Centers,https://www.mscare.org,https://cmscscholar.org/cmsc-2027-annual-meeting/,neurology,multiple-sclerosis; clinical-trials; education,2027-06-02,2027-06-04,,San Diego,California,US,San Diego Convention Center,32.7069,-117.1611,"The Consortium of Multiple Sclerosis Centers holds its 2027 annual meeting at the San Diego Convention Center in San Diego, California, from 2 to 4 June 2027. The meeting brings together clinicians and researchers working in multiple sclerosis care.",,medium,"www.mscare.org/2027 redirects (HTTP 301) to cmscscholar.org/cmsc-2027-annual-meeting/. Direct WebFetch of cmscscholar.org pages returned HTTP 403 Forbidden; content was retrieved via the r.jina.ai proxy instead, from two separate official CMSC Scholar pages that agree on 2 to 4 June 2027. Some aggregator sites (10times, eMedEvents) instead list the end date as 5 June 2027; the official pages were preferred here. No abstract or registration deadlines are published yet.",https://cmscscholar.org/cmsc-2027-annual-meeting/; https://cmscscholar.org/future-annual-meetings/
asco-annual-2027,ASCO Annual Meeting 2027,ASCO 2027,American Society of Clinical Oncology,https://www.asco.org,https://www.asco.org/annual-meeting,oncology,oncology; cancer-research; clinical-trials,2027-06-04,2027-06-08,hybrid,Chicago,Illinois,US,McCormick Place,41.8519,-87.6165,"The ASCO Annual Meeting is the annual clinical oncology meeting of the American Society of Clinical Oncology. The 2027 edition is scheduled for June 4 to 8, 2027 at McCormick Place in Chicago, Illinois, with in person and online attendance options.",Abstract submission = 2027-01-26; Late-breaking abstract submission = 2027-03-08; Abstract notification = 2027-03-31; Early registration = 2026-12-02,medium,"asco.org blocked direct WebFetch with HTTP 403 for both /annual-meeting and /annual-meeting/dates-know; all dates above were recovered from search-engine snippets of those official pages rather than a direct fetch, hence medium confidence. Abstract submission opening date was not found and is omitted rather than guessed.",https://www.asco.org/annual-meeting/dates-know; https://www.asco.org/annual-meeting; https://www.asco.org/annual-meeting/abstracts-presentations/submission-details/late-breaking-data-submission-guidelines
endo-2027,ENDO 2027,ENDO 2027,Endocrine Society,https://www.endocrine.org,https://www.endocrine.org/meetings-and-events/endo-future-meetings,endocrinology,endocrine,2027-06-05,2027-06-08,in-person,Toronto,Ontario,CA,,43.6532,-79.3832,"ENDO 2027 is the annual meeting of the Endocrine Society, scheduled to be held in Toronto, Ontario. The meeting is currently in its save the date phase, and abstract submission and other program details had not yet been published as of access date.",,high,Venue and abstract submission deadlines not yet announced as of access date.,https://www.endocrine.org/meetings-and-events/endo-future-meetings
iamse-annual-2027,IAMSE 31st Annual Meeting,IAMSE 2027,International Association of Medical Science Educators,https://www.iamse.org,https://www.iamse.org/annual-conference/,medical-education,medical-education; education,2027-06-05,2027-06-08,in-person,Bellevue,Washington,US,Hyatt Regency Bellevue,47.6101,-122.2015,"The International Association of Medical Science Educators holds its 31st Annual Meeting in Bellevue, Washington in 2027. The meeting focuses on the science of medical and health professions education.",Focus Sessions submission = 2026-09-01; Poster and Oral Abstract submission = 2026-12-01; Travel Award application = 2026-12-15; Early Bird registration = 2027-04-01; Presenter registration = 2027-04-01,high,"The 2026 IAMSE Annual Meeting (Augusta, GA) already concluded; this record covers only the 2027 edition.",https://www.iamse.org/annual-conference/; https://www.iamse.org/
snmmi-annual-2027,2027 SNMMI Annual Meeting,SNMMI 2027,Society of Nuclear Medicine and Molecular Imaging,https://www.snmmi.org/,https://snmmi.org/AM/AM/Home.aspx,nuclear-medicine,nuclear-medicine; imaging; oncology; education,2027-06-05,2027-06-08,,Washington,District of Columbia,US,Walter E. Washington Convention Center,38.9037,-77.0227,"The SNMMI Annual Meeting is the main scientific and educational conference of the Society of Nuclear Medicine and Molecular Imaging, covering nuclear medicine, molecular imaging, and radiopharmaceutical therapy research. The 2027 edition is scheduled for Washington, DC.",,medium,"Dates and city for the 2027 edition are confirmed on an official SNMMI page (accessed through a read-only proxy after direct fetch difficulties). The specific venue name is sourced only from aggregator sites (10times, urotoday) as a last-resort cross-check and should be verified once SNMMI publishes its own 2027 meeting site. Abstract submission and registration deadlines for 2027 are not yet published (reported by aggregators as TBA); the 2026 edition's own deadlines could not be confirmed from sources accessed, so its deadlines array is left empty rather than guessed. Meeting format (in-person/hybrid) not confirmed for 2027, though the 2026 edition offered a virtual option.",https://snmmi.org/AM/Web/Education-and-Meetings/Upcoming-Events.aspx; https://www.eurekalert.org/news-releases/1125386; https://www.urotoday.com/calendar-events/society-of-nuclear-medicine-and-molecular-imaging-snmmi-2027.html
sleep-2027,SLEEP 2027: 41st Annual Meeting of the Associated Professional Sleep Societies,SLEEP 2027,Associated Professional Sleep Societies (American Academy of Sleep Medicine and Sleep Research Society),https://www.sleepmeeting.org/,https://aasm.org/event/sleep-2027/,psychiatry,sleep; neuroscience,2027-06-06,2027-06-09,,Denver,Colorado,US,Colorado Convention Center,39.7429,-104.9958,"SLEEP 2027, the 41st APSS annual meeting, runs June 6 to 9, 2027 at the Colorado Convention Center in Denver, with postgraduate courses on June 5 and 6. Registration opens in January 2027.",Abstract submission opens = 2026-09-16 (estimated); Abstract submission = 2026-12-07 (estimated); Late-breaking abstract submission opens = 2027-02-08 (estimated); Late-breaking abstract submission = 2027-03-15 (estimated),medium,Official dates published; abstract deadlines are estimates until APSS posts the SLEEP 2027 call.,https://aasm.org/event/sleep-2027/; https://www.sleepmeeting.org/about/; https://www.sleepmeeting.org/call-for-abstracts/; https://www.sleepmeeting.org/
smdm-annual-2027,SMDM 49th Annual Meeting,SMDM 2027,Society for Medical Decision Making,https://smdm.org,https://smdm.org/annual-meeting,health-services,decision-science; health-services,2027-06-06,2027-06-09,in-person,Toronto,Ontario,CA,,43.6532,-79.3832,"The Society for Medical Decision Making holds its 49th Annual Meeting in Toronto, Ontario. The meeting covers methods and applications in medical decision science.",Abstract submission = 2027-01-14; Abstract notification = 2027-03-12; Early registration = 2027-05-30,high,"The 2026 SMDM Annual Meeting (48th, Oslo, Norway, June 28 to July 1, 2026) already concluded before today, so only the 2027 edition is included.",https://smdm.org/annual-meeting; https://smdm.org/civicrm/event/info; https://smdm.org/registration-information
iasp-2027,IASP 34th World Congress 2027,IASP 2027,International Association for Suicide Prevention,https://www.iasp.info/,https://www.iasp.info/colombo2027/,psychiatry,suicide; international; global,2027-06-07,2027-06-11,in-person,Colombo,Western Province,LK,Bandaranaike Memorial International Conference Hall (BMICH),6.904,79.872,"The 34th IASP World Congress takes place in Colombo, Sri Lanka from 7 to 11 June 2027. Abstract submission and bursary applications are open; there will be no on site registration.",Abstract submission opens = 2026-05-27; Symposium and workshop abstract submission = 2026-10-01; Oral and poster abstract submission = 2026-10-15; Early registration opens = 2026-10-15; Early registration = 2027-02-18; General registration closes = 2027-06-04,high,The 33rd World Congress was held in Vienna in 2025; its dates were not verified for this record.,https://www.iasp.info/colombo2027/; https://www.iasp.info/colombo2027/abstractsubmission/
aanp-annual-2027,American Association of Neuropathologists 103rd Annual Meeting 2027,AANP 2027,American Association of Neuropathologists,https://www.neuropath.org,https://www.neuropath.org/upcoming-meetings,neurology; pathology,translational; student-resident-research,2027-06-10,2027-06-13,in-person,Renton,Washington,US,Hyatt Regency Lake Washington,47.4762,-122.2114,The AANP Annual Meeting is the yearly gathering of the only United States association focused exclusively on the clinical and scientific practice of neuropathology. The 2027 meeting is the 103rd edition and includes pre-meeting symposia the day before the main program.,,medium,"Deadlines are published only at month-level precision as of this research and were therefore omitted from the deadlines array to avoid inventing exact days: registration opens early December 2026, diagnostic slide session (DSS) case submission deadline early January 2027, and abstract submission deadline February 2027.",https://www.neuropath.org/upcoming-meetings
ahs-annual-2027,American Headache Society 69th Annual Scientific Meeting 2027,AHS 2027,American Headache Society,https://americanheadachesociety.org,https://americanheadachesociety.org/events/69th-annual-scientific-meeting-2,neurology,headache,2027-06-10,2027-06-13,in-person,San Diego,California,US,Gaylord Pacific Resort and Convention Center,32.627,-117.108,"The American Headache Society Annual Scientific Meeting is the society's main conference for clinicians and researchers in headache and orofacial pain medicine. The 69th meeting is scheduled for June 10 to 13, 2027, at the Gaylord Pacific Resort and Convention Center.",Abstract submission opens = 2027-01-08 (estimated); Abstract submission deadline = 2027-02-15 (estimated); Late-breaking abstract submission opens = 2027-04-05 (estimated); Late-breaking abstract submission deadline = 2027-04-26 (estimated),medium,"Meeting dates and venue for 2027 are confirmed directly on the official AHS event page (high confidence for those facts), but no abstract or late-breaking submission deadlines for 2027 have been published yet; the deadline entries above are estimated from the 2026 (68th meeting) pattern and marked estimated. Overall record confidence is set to medium because most dated deadline items are estimates. The venue's mailing address (1000 H St) is in Chula Vista, CA; AHS's own event page and press materials describe the location as San Diego, CA, so city is recorded as San Diego per the official source; coordinates are for the Chula Vista bayfront venue address, approximated from secondary listings rather than a geocoding tool.",https://americanheadachesociety.org/events/69th-annual-scientific-meeting-2; https://americanheadachesociety.org/events/68th-annual-scientific-meeting/abstracts; https://en.wikipedia.org/wiki/Gaylord_Pacific_Resort_%26_Convention_Center
academyhealth-arm-2027,AcademyHealth Annual Research Meeting 2027,AcademyHealth ARM 2027,AcademyHealth,https://academyhealth.org,https://academyhealth.org/ARM2026,health-services,health-services; health-economics,2027-06-12,2027-06-15,in-person,Boston,Massachusetts,US,Hynes Convention Center,42.3467,-71.085,"AcademyHealth holds its 2027 Annual Research Meeting in Boston, Massachusetts at the Hynes Convention Center. The meeting convenes health services researchers and health policy analysts.",,medium,The 2026 ARM (Seattle) concluded before today; no abstract submission deadline has yet been published for the 2027 Boston meeting.,https://academyhealth.org/ARM2026
ean-congress-2027,13th Congress of the European Academy of Neurology,EAN Congress 2027,European Academy of Neurology,https://www.ean.org,https://www.ean.org/congress2027,neurology; neuroscience,international; epilepsy; stroke; multiple-sclerosis; movement-disorders; dementia; headache,2027-06-12,2027-06-15,,Gothenburg,Vastra Gotaland County,SE,Gothia Towers,57.6968,11.9866,"The European Academy of Neurology holds its 2027 congress at Gothia Towers in Gothenburg, Sweden, from 12 to 15 June 2027. The congress theme is Transforming Neurology, Embracing Every Brain, and the program spans general and subspecialty neurology.",Abstract submission = 2027-01-14; Early registration = 2027-04-14,high,,https://www.ean.org/congress2027
nns-symposium-2027,44th Annual Symposium of the National Neurotrauma Society,NNS 2027,National Neurotrauma Society,https://www.neurotrauma.org,https://www.neurotrauma.org/symposium/,neurology; surgery; rehabilitation,brain-injury; neurocritical-care; student-resident-research,2027-06-13,2027-06-16,in-person,Portland,Oregon,US,Oregon Convention Center,45.5307,-122.6636,"Annual symposium of the National Neurotrauma Society, themed Ringing in Team Science, covering research on traumatic brain and spinal cord injury.",,medium,The direct oregoncc.org venue listing page returned HTTP 403 to WebFetch; date and venue were confirmed via an r.jina.ai proxy fetch of the same official venue page. Abstract and registration deadlines for 2027 are not yet published.,https://r.jina.ai/https://www.oregoncc.org/attend/events/2027/06/national-neurotrauma-society-44th-annual-symposium-nns-2027-western-region; https://www.neurotrauma.org/symposium/; https://www.neurotrauma-symposium.org/nns-2026-important-dates/
rcpsych-international-congress-2027,RCPsych International Congress 2027,RCPsych 2027,Royal College of Psychiatrists,https://www.rcpsych.ac.uk/,https://www.rcpsych.ac.uk/events/congress,psychiatry,general-psychiatry; international; education; psychopharmacology,2027-06-14,2027-06-17,in-person,Glasgow,Scotland,GB,Scottish Event Campus (SEC),55.8607,-4.288,"The Royal College of Psychiatrists holds its International Congress in Glasgow from Monday 14 to Thursday 17 June 2027. The main programme is built from submitted 75 minute session proposals across streams including clinical practice, new science, psychopharmacology, education and training, and policy.",Session proposal submission = 2026-10-25,high,The College refers to the venue as the Scottish Exhibition Centre; the site is branded Scottish Event Campus. Speakers from outside the UK may be considered for prerecorded presentations.,https://www.rcpsych.ac.uk/events/congress; https://www.rcpsych.ac.uk/events/congress/international-congress-2027-submissions; https://www.visitliverpool.com/event/rcpsych-international-congress-2026/71886101/
admsep-annual-2027,ADMSEP Annual Meeting 2027,ADMSEP 2027,Association of Directors of Medical Student Education in Psychiatry,https://www.admsep.org/,https://www.admsep.org/wcagmeetings.html,psychiatry,education; general-psychiatry,2027-06-17,2027-06-19,in-person,Salt Lake City,Utah,US,,40.7608,-111.891,"The annual meeting of directors of medical student psychiatry education, with workshops, posters and curriculum sessions. Additional details for 2027 have not been announced.",Abstract and proposal submission deadline = 2026-10-31 (estimated); Early bird registration deadline = 2027-05-01 (estimated),medium,Dates and city are official; venue and all deadlines are unpublished. One ADMSEP page lists the 2026 meeting as June 17 to 20 (likely including a pre meeting day) while the meetings page says June 18 to 20.,https://www.admsep.org/wcagmeetings.html; https://www.admsep.org/htmly/2025/06/upcoming-meetings-details; https://www.admsep.org/htmly/
ada-scientific-sessions-2027,American Diabetes Association 87th Scientific Sessions,ADA Scientific Sessions 2027,American Diabetes Association,https://www.diabetes.org,https://professional.diabetes.org/scientific-sessions,endocrinology,diabetes; endocrine,2027-06-18,2027-06-21,in-person,Washington,District of Columbia,US,Walter E. Washington Convention Center,38.9042,-77.0231,"The American Diabetes Association 87th Scientific Sessions is the annual research conference of the American Diabetes Association, held at the Walter E. Washington Convention Center in Washington, D.C. The program presents new research and clinical guidance on diabetes and related metabolic disease.",Abstract submission opens = 2026-09-28; Abstract submission = 2027-01-05; Late-breaking abstract submission opens = 2027-01-25; Late-breaking abstract submission = 2027-03-08,high,,https://professional.diabetes.org/scientific-sessions; https://professional.diabetes.org/sites/dpro/files/2025-09/2026-Abstract-Submission-Guidelines-09-25.pdf
ins-mid-year-meeting-2027,International Neuropsychological Society 2027 Mid-Year Meeting (joint with the Japan Society for Higher Brain Function),INS Mid-Year 2027,International Neuropsychological Society,https://the-ins.org/,https://the-ins.org/meetings/future-ins-meetings/,psychiatry,neuropsychology; neuroscience; psychology; international,2027-06-22,2027-06-24,,Chiba,Chiba Prefecture,JP,Makuhari Messe and Hotel New Otani Makuhari,35.6473,140.0347,"The 2027 INS midyear meeting is a joint conference with the Japan Society for Higher Brain Function, the first INS meeting held in Japan. About 1,200 participants are expected at Makuhari Messe in Chiba City.",,medium,No dedicated meeting website yet. Venue from the Chiba Convention Bureau announcement.,https://the-ins.org/meetings/future-ins-meetings/; https://www.ccb.or.jp/mice/e/news/insjointconferenceinchiba/; https://insdublin2026.com/
cpdd-2027,CPDD 89th Annual Scientific Meeting 2027,CPDD 2027,College on Problems of Drug Dependence,https://cpdd.org/,https://cpdd.org/meetings/current-meeting/,psychiatry,addiction; neuroscience; psychopharmacology; international,2027-06-26,2027-06-30,,Toronto,Ontario,CA,Sheraton Centre Toronto Hotel,43.6516,-79.3839,"The 89th CPDD Annual Scientific Meeting is scheduled for June 26 to 30, 2027 in Toronto, with roughly 1,300 attendees expected including participants in the NIDA International Forum. CPDD states that submissions for the 2027 program are open.","Symposium, workshop and forum proposal submission = 2026-10-29 (estimated); Oral and poster abstract submission = 2026-12-10 (estimated); Travel award application = 2026-12-15 (estimated); Late-breaking research submission = 2027-03-18 (estimated)",medium,CPDD lists the venue as Sheraton Toronto Centre. The current meeting page title still reads 88th although the content describes the 2027 Toronto meeting. Deadlines are estimates until the submissions page is updated.,https://cpdd.org/meetings/future-meetings/; https://cpdd.org/meetings/current-meeting/; https://cpdd.org/meetings/current-meeting/submissions/; https://www.oregoncc.org/attend/events/2026/06/cpdd-88th-annual-scientific-meeting-2026
ohbm-annual-2027,OHBM Annual Meeting 2027,OHBM 2027,Organization for Human Brain Mapping,https://www.humanbrainmapping.org,https://www.humanbrainmapping.org/ohbm-2027/,neurology; neuroscience; radiology,neuroscience; imaging; neuropsychology,2027-06-26,2027-06-30,in-person,Toronto,Ontario,CA,Metro Toronto Convention Centre,43.6426,-79.3871,"Annual meeting of the Organization for Human Brain Mapping, covering neuroimaging methods and human brain mapping research.",Content submission site opens = 2026-11-01 (estimated); Abstract submission = 2026-12-01 (estimated); Registration opens = 2027-01-01 (estimated); Abstract notification = 2027-02-01 (estimated),medium,"OHBM 2026 (Bordeaux, France, June 14-18 2026) already occurred before today's date and is not included. All 2027 deadlines are published only to month precision; exact days are not yet announced.",https://www.humanbrainmapping.org/ohbm-2027/; https://www.humanbrainmapping.org/ohbm-annual-meeting-faq/
ads-annual-2027,American Delirium Society 17th Annual Conference 2027,ADS 2027,American Delirium Society,https://americandeliriumsociety.org,https://americandeliriumsociety.org/ADS-Annual-Conference,neurology; psychiatry; geriatrics,geriatric; delirium,2027-06-27,2027-06-29,,Orlando,Florida,US,,28.5384,-81.3789,"The American Delirium Society Annual Conference covers basic science, clinical research, education, quality improvement and advocacy on delirium care. The 2027 conference, themed Imagine Better Delirium Care, is the society's 17th annual meeting.",Session proposal submission deadline = 2026-10-26 (estimated),medium,"Venue within Orlando not yet announced. The proposal-deadline year is inferred rather than confirmed, so it is flagged estimated:true even though the day and month come from the official page.",https://americandeliriumsociety.org/; https://americandeliriumsociety.org/ADS-Annual-Conference
spr-international-meeting-2027,Society for Psychotherapy Research 58th International Annual Meeting 2027,SPR 2027,Society for Psychotherapy Research,https://www.psychotherapyresearch.org/,https://www.psychotherapyresearch.org/page/community_calendar,psychiatry,psychotherapy; psychology; international,2027-06-30,2027-07-03,,Stockholm,Stockholm County,SE,,59.3251,18.0711,The 58th International Annual Meeting of the Society for Psychotherapy Research is scheduled for Stockholm from 30 June to 3 July 2027. Venue and submission dates have not been published.,Submission opens = 2026-10-20 (estimated); Abstract submission = 2027-01-10 (estimated),medium,psychotherapyresearch.org sits behind a Cloudflare challenge; dates come from search engine copies of the society calendar and should be rechecked in a browser.,https://www.psychotherapyresearch.org/page/community_calendar; https://cdn.ymaws.com/www.psychotherapyresearch.org/resource/resmgr/spr2026/spr2026_call_for_submissions.pdf
icnmd-2027,20th International Congress on Neuromuscular Diseases (ICNMD 2027),ICNMD 2027,International Congress on Neuromuscular Diseases (ICNMD),https://icnmd.org,https://icnmd.org/,neurology; neuroscience,neuromuscular,2027-07-05,2027-07-09,,Chiba,Chiba Prefecture,JP,Makuhari Messe,35.648,140.0328,"ICNMD is a congress covering the full spectrum of neuromuscular disease research and clinical care. The 20th edition, in Chiba, Japan, is the first under the organizer's newly announced shift from a biennial to an annual schedule.",Registration and abstract submission opens = 2026-10-07; Abstract submission deadline = 2027-01-15; Early bird registration deadline = 2027-03-26; Standard registration deadline = 2027-05-28,medium,"Discrepancy found: icnmd.org states July 5-9, 2027 while the Chiba Convention and Visitors Bureau news page states July 6-10, 2027. The organizer's own site was treated as authoritative, but this should be rechecked closer to the event.",https://icnmd.org/; https://www.ccb.or.jp/mice/e/news/icnmd2027/; https://x.com/ICNMD_Congress/status/1979206771232366818; https://iicn.ie/19th-international-congress-on-neuromuscular-diseases-7-11-july-2026/
psi-2027,Postpartum Support International 40th Annual Conference 2027,PSI 2027,Postpartum Support International,https://postpartum.net/,https://postpartum.net/professionals/psi-conference/,psychiatry,perinatal; community,2027-07-07,2027-07-11,,Chicago,Illinois,US,,41.8781,-87.6298,"The 40th PSI Annual Conference will be held in Chicago with preconference trainings July 7 to 8, 2027 and the main conference July 8 to 11, 2027. PSI expects more than 1,400 attendees; hotel and proposal details are not yet posted.",Presentation proposal submission = 2027-01-06 (estimated),medium,"Venue and deadlines not yet published. The conference is in Chicago, which may be relevant for Illinois based users.",https://postpartum.net/professionals/psi-conference/; https://mnpqc.org/event/postpartum-support-international-psi-39th-annual-conference/; https://www.facebook.com/PostpartumSupportInternational/posts/-psicon2026-call-for-proposals-is-open-share-your-expertise-at-the-39th-annual-p/1277594747745842/
iocdf-2027,32nd Annual OCD Conference 2027 (International OCD Foundation),IOCDF 2027,International OCD Foundation,https://iocdf.org/,https://iocdf.org/programs/conferences/,psychiatry,ocd; anxiety; community; psychotherapy,2027-07-08,2027-07-11,,New York,New York,US,New York Marriott Marquis,40.7586,-73.986,"The 32nd Annual OCD Conference is scheduled for July 8 to 11, 2027 at the New York Marriott Marquis, with the IOCDF Research Symposium on July 8 as a hybrid event. The conference serves people with OCD and related disorders, families and clinicians.",Research Symposium proposal submission opens = 2027-01-04 (estimated); Research Symposium proposal submission = 2027-02-08 (estimated),medium,The 2026 conference was hybrid (Seattle and online); the 2027 main conference format is not stated.,https://iocdf.org/programs/conferences/; https://events.iocdf.org/event/OCDCON26/summary; https://iocdf.org/research/symposium/proposals/
aaic-2027,Alzheimer's Association International Conference 2027,AAIC 2027,Alzheimer's Association,https://www.alz.org/,https://aaic.alz.org/,neurology; psychiatry; geriatrics,dementia; geriatric; neuroscience,2027-07-18,2027-07-21,hybrid,Chicago,Illinois,US,McCormick Place,41.8514,-87.6152,"The Alzheimer's Association International Conference brings together dementia researchers and clinicians in Chicago at McCormick Place, with an online component. The program covers Alzheimer's disease and dementia science spanning neurology, psychiatry and geriatrics, and is followed by the AAIC For All public event on July 22.",Abstract submission opens = 2027-01-18 (estimated); Early registration = 2027-03-15 (estimated),medium,"AAIC 2027 dates, city and venue are confirmed directly on the official site. Exact 2027 abstract and registration deadlines are not yet published (official site gives only 'fall 2026' and 'spring 2027'); the two deadline entries above are estimates and are flagged estimated:true. The AAIC 2026 abstract deadline (Jan 12/16, 2026) and exact end date (July 15 vs 16) show minor discrepancies between the abstract guide PDF, search snippets and the ISTAART listing; recorded prior_edition values use the more consistently cited figures.",https://aaic.alz.org/; https://aaic.alz.org/registration.asp; https://aaic.alz.org/abstracts/abstr-aaic.asp; https://www.alz.org/getmedia/27b37724-0f4c-407e-8ac6-019fd8ecc646/aaic-2026-abstract-submission-guide.pdf; https://istaart.alz.org/events/item/23/516
apa-psychological-convention-2027,APA 2027 Convention (American Psychological Association),APA (Psychological) 2027,American Psychological Association,https://www.apa.org/,https://convention.apa.org/attend/future-conventions,psychiatry,psychology,2027-08-12,2027-08-14,,San Francisco,California,US,,37.7749,-122.4194,"The APA 2027 Convention is scheduled for August 12 to 14, 2027 in San Francisco. The call for proposals has not opened; the convention site invites sign ups to be notified when it does.",Preconvention CE workshop proposal submission = 2026-12-21 (estimated); Division session and poster proposal submission = 2027-01-13 (estimated),medium,APA 2026 was hybrid (in person and virtual); the 2027 format is not stated.,https://convention.apa.org/attend/future-conventions; https://convention.apa.org/; https://convention.apa.org/proposals/preconvention-ce-workshops; https://convention.apa.org/proposals
isam-annual-2027,Annual Global ISAM Congress 2027,ISAM 2027,International Society of Addiction Medicine (ISAM),https://isamweb.org/,https://isamweb.org/annual/,addiction-medicine; psychiatry,addiction; general-psychiatry; international; global,2027-08-26,2027-08-28,in-person,Seattle,Washington,US,,47.6062,-122.3321,"The International Society of Addiction Medicine plans its next annual global congress in Seattle, United States, from August 26 to 28, 2027. Related events listed on the same schedule include an Innovation Day and a Women and Addiction Day on August 25, 2027, and a board meeting on August 24, 2027.",Abstract submission = 2027-02-26 (estimated),medium,"Event dates and city are published on the parent isamweb.org site but there is not yet a dedicated ISAM 2027 congress website (unlike the 2026 edition, which has isam2026rotterdam.org). Venue is not yet announced, so lat/lon use the Seattle city center. All deadline information is an estimate pending an official call for abstracts; maintainer should watch isamweb.org/annual/ for a dedicated 2027 site and real deadlines, expected to be announced roughly a year in advance based on the 2026 pattern.",https://isamweb.org/annual/
esc-congress-2027,ESC Congress 2027,ESC Congress 2027,European Society of Cardiology,https://www.escardio.org,https://www.escardio.org/events/congresses/esc-congress/future-destinations/,cardiology,cardiovascular; international,2027-08-27,2027-08-30,,Milan,Lombardy,IT,,45.4642,9.19,"ESC Congress is the European Society of Cardiology's annual meeting covering cardiovascular science and clinical practice. The 2027 congress is scheduled to take place in Milan, Italy.",Abstract submission = 2027-03-01 (estimated),high,ESC Congress 2027 abstract submission deadline is not yet officially announced; the single deadline entry above is a rough estimate flagged as estimated:true and should be replaced once ESC publishes the real 2027 call for abstracts timeline.,https://www.escardio.org/events/congresses/esc-congress/future-destinations/; https://www.escardio.org/events/congresses/esc-congress/call-for-science/abstracts/
amee-2027,AMEE 2027,AMEE 2027,"AMEE, An International Association for Health Professions Education",https://amee.org,https://amee.org/events/amee-2027/,medical-education,medical-education; education; international,2027-08-28,2027-09-01,hybrid,Helsinki,Uusimaa,FI,,60.1699,24.9384,"AMEE, An International Association for Health Professions Education, holds its 2027 annual conference in Helsinki, Finland. The conference covers research and practice in medical and health professions education.",,medium,Format is listed as hybrid based on the 2026 conference offering both in-person (Vienna) and online participation; this has not been explicitly restated yet for 2027. No 2027 abstract or registration deadlines are published yet.,https://amee.org/events/amee-2027/; https://amee.org/events/amee-2026/
marce-australasian-2027,Australasian Marcé Society Biennial Conference 2027,Australasian Marcé 2027,Australasian Marcé Society for Perinatal Mental Health,https://marcesociety.com/,https://marcesociety.com/meetings/marce-meetings/,psychiatry,perinatal; international,2027-09-02,2027-09-04,,Manly,New South Wales,AU,,-33.7963,151.286,"The Australasian Marcé Society regional biennial conference is listed for September 2 to 4, 2027 in Manly, New South Wales. No venue or call for abstracts has been published.",,medium,"Only dates and city are listed on the International Marcé Society meetings page. The same page lists an Australasian Marcé research retreat on November 5 to 6, 2026 in Kingscliff, NSW.",https://marcesociety.com/meetings/marce-meetings/
ihc-2027,23rd Congress of the International Headache Society (IHC 2027),IHC 2027,International Headache Society,https://ihs-headache.org,https://ihc2027.org/,neurology,headache; international,2027-09-09,2027-09-11,,Athens,Attica,GR,,37.9838,23.7275,"The International Headache Society plans the 23rd International Headache Congress in Athens, Greece, from 9 to 11 September 2027. The congress covers clinical and scientific advances in headache disorders.",,medium,"The ihc2027.org site is a save the date holding page, not the full congress site. One secondary aggregator listed the end date as 12 September 2027 instead of 11 September 2027; the ihc2027.org page (9 to 11 September) was used here. Abstract and registration deadlines are not yet announced.",https://ihc2027.org/; https://ihs-headache.org/en/events/23rd-congress-of-the-international-headache-society-ihc-2026/
esmo-congress-2027,ESMO Congress 2027,ESMO 2027,European Society for Medical Oncology,https://www.esmo.org,https://www.esmo.org/meeting-calendar/esmo-congress-2027,oncology,oncology; cancer-research; clinical-trials; international; global,2027-09-17,2027-09-21,,Barcelona,Catalonia,ES,,41.3851,2.1734,"ESMO Congress is the flagship annual meeting of the European Society for Medical Oncology, presenting new clinical research across solid tumor oncology. The 2027 congress will be held in Barcelona, Spain.",,medium,"A search engine summary claimed an abstract submission deadline of 20 September 2026 for this 2027 congress, but no primary or independent source could corroborate this and it is chronologically implausible, since it would fall before the 2026 congress itself takes place. That figure was excluded pending verification. No confirmed abstract submission deadline is available yet for ESMO Congress 2027.",https://oncodaily.com/event/esmo-congress-2027-417485; https://www.esmo.org/meeting-calendar/esmo-congress-2027
aao-hnsf-annual-2027,AAO-HNSF 2027 Annual Meeting & OTO Experience,AAO-HNSF 2027,American Academy of Otolaryngology-Head and Neck Surgery Foundation,https://www.entnet.org,https://www.entnet.org/events/annual-meeting/future-meeting-information/,otolaryngology,otolaryngology; surgery,2027-09-18,2027-09-21,in-person,New Orleans,Louisiana,US,,29.9511,-90.0715,"The AAO-HNSF Annual Meeting and OTO Experience is the principal scientific and clinical conference of the American Academy of Otolaryngology, Head and Neck Surgery Foundation. The 2027 edition is scheduled for New Orleans, Louisiana, though a specific venue and submission deadlines have not yet been published.",,medium,"Only the dates and city are published for 2027; the official page explicitly notes future dates are subject to change. Venue, abstract deadlines, and registration deadlines are not yet announced.",https://www.entnet.org/events/annual-meeting/future-meeting-information/
ana-annual-2027,American Neurological Association 152nd Annual Meeting,ANA 2027,American Neurological Association,https://myana.org,https://myana.org/meetings/future-annual-meeting-dates/,neurology; neuroscience,neuroscience; student-resident-research,2027-09-18,2027-09-21,,Chicago,Illinois,US,,41.8919,-87.6278,"The American Neurological Association will hold its 152nd annual meeting in Chicago, Illinois, from September 18 to 21, 2027, with an opening symposium on September 18. Abstract submission, registration, and travel award information had not yet been published as of September 2026.",,high,"Only the meeting dates and city are published for 2027; the source page names the venue area as 'The Magnificent Mile,' which is a Chicago hotel and shopping district rather than a specific confirmed hotel name, so venue is left null pending a specific hotel name. No abstract, registration, or travel award deadlines have been published yet; the prior (2026) edition's schedule is provided for reference only and none of its dates should be read as estimates for 2027.",https://myana.org/meetings/future-annual-meeting-dates/
astro-annual-2027,2027 ASTRO Annual Meeting,ASTRO 2027,American Society for Radiation Oncology,https://www.astro.org,https://www.astro.org/meetings-and-education/micro-sites/2027/am-exhibitors/general-information,oncology,radiation-oncology; cancer-research,2027-09-18,2027-09-22,,Chicago,Illinois,US,McCormick Place West,41.8515,-87.6151,"The ASTRO Annual Meeting is the annual meeting of the American Society for Radiation Oncology for radiation oncology clinicians and researchers. The 2027 edition is the society's 69th annual meeting, to be held in Chicago.",,medium,Direct fetch of astro.org returned HTTP 402 for this session. Dates are corroborated by two independent sources including a snippet of ASTRO's own future meetings page. No abstract submission deadline has been published yet as of 2026-09-10.,https://do312.com/events/2027/9/19/astro-annual-meeting-2027-tickets; https://www.astro.org/meetings-and-education/micro-sites/2026/am-exhibitors/general-information/future-annual-meetings
aafp-fmx-2027,AAFP Family Medicine Experience 2027,FMX 2027,American Academy of Family Physicians,https://www.aafp.org,https://www.aafp.org/cme-and-events/in-person/fmx/what-is-fmx/faq,family-medicine,primary-care; community,2027-09-20,2027-09-24,in-person,San Diego,California,US,,32.7157,-117.1611,"The AAFP Family Medicine Experience 2027 is the annual conference of the American Academy of Family Physicians, scheduled to be held in San Diego, California. As with prior years, the program is expected to be a continuing medical education event without an open call for scientific abstracts.",,high,Specific venue for FMX 2027 not yet announced as of access date.,https://www.aafp.org/cme-and-events/in-person/fmx/what-is-fmx/faq
iepa-16-conference-2027,IEPA 16: 16th International Conference on Early Intervention in Mental Health 2027,IEPA 16 (2027),IEPA Early Intervention in Mental Health (International Early Psychosis Association),https://iepa.org.au/,https://iepa16.eventsairsite.com/,psychiatry,schizophrenia; community; international; cultural,2027-09-20,2027-09-23,,Auckland,Auckland,NZ,New Zealand International Convention Centre (NZICC),-36.8491,174.7603,"IEPA 16 is the biennial international conference of the IEPA on early intervention and prevention in mental health, held at the New Zealand International Convention Centre in Auckland under the theme Ko te Tirohanga Whānui, Early Intervention and Prevention Through Many Eyes. The programme integrates clinical science, lived experience and Māori and Pacific perspectives.",,medium,No conference in 2026 (biennial cycle). The IEPA 15 site header gives 7 to 11 September 2025 while its text describes three days; deadlines for IEPA 15 were not retrieved.,https://iepa16.eventsairsite.com/; https://iepa.org.au/iepa16; https://iepa15conference.org/
isctm-autumn-2027,ISCTM 2027 Autumn Conference (joint day with ECNP),ISCTM Autumn 2027,International Society for CNS Clinical Trials and Methodology,https://isctm.org/,https://isctm.org/meeting/2027-autumn-conference-includes-joint-day-with-ecnp/,psychiatry,clinical-trials; psychopharmacology,2027-09-23,2027-09-25,in-person,Barcelona,Catalonia,ES,,41.3874,2.1686,"ISCTM lists a 2027 Autumn Conference for September 23 to 25, 2027, in Barcelona, including a joint day with ECNP ahead of the 40th ECNP Congress. No deadlines have been published.",Poster submission = 2027-06-24 (estimated),medium,"One ISCTM page gives the month as October 2027 with dates to be confirmed; the calendar page and upcoming meetings page both give September 23 to 25, 2027.",https://isctm.org/upcoming-at-isctm/; https://isctm.org/meetings/upcoming-meetings-sessions/
ecnp-congress-2027,40th ECNP Congress 2027,ECNP 2027,European College of Neuropsychopharmacology,https://www.ecnp.eu/,https://www.ecnp.eu/meetings/ecnp-congresses/,psychiatry,psychopharmacology; neuroscience; international,2027-09-25,2027-09-28,hybrid,Barcelona,Catalonia,ES,CCIB Barcelona International Convention Centre,41.412,2.2195,"The 40th ECNP Congress is scheduled for September 25 to 28, 2027, at the CCIB in Barcelona. No abstract or registration deadlines have been published; the 2027 congress website is a placeholder as of September 2026.",Abstract submission = 2027-04-22 (estimated); Early fee registration = 2027-05-05 (estimated),medium,"The ISCTM 2027 Autumn Conference (September 23 to 25, 2027, Barcelona) includes a joint day with ECNP immediately before this congress.",https://www.ecnp.eu/meetings/ecnp-congresses/; https://www.ecnp.eu/news/agenda-and-deadlines/; https://www.ecnp.eu/congress2027/
mds-congress-2027,MDS International Congress of Parkinson's Disease and Movement Disorders 2027,MDS Congress 2027,International Parkinson and Movement Disorder Society (MDS),https://www.movementdisorders.org,https://www.mdscongress.org/About/Past-future,neurology,movement-disorders,2027-09-26,2027-09-30,in-person,Amsterdam,North Holland,NL,,52.3676,4.9041,"The International Congress of Parkinson's Disease and Movement Disorders is the annual scientific meeting of the International Parkinson and Movement Disorder Society, covering research and clinical care in Parkinson's disease and other movement disorders. The 2027 congress is scheduled for September 26 to 30, 2027, in Amsterdam, Netherlands.",Abstract submission opens = 2026-12-08 (estimated); Abstract submission deadline = 2027-03-07 (estimated),medium,"Congress dates and city for 2027 are confirmed directly on the official MDS Past & Future Congresses page (high confidence for those facts). No abstract submission deadlines for 2027 have been published yet; the two deadline entries above are estimated from the 2026 Seoul congress's day-offset pattern and marked estimated, which is why overall confidence is set to medium. Venue name for the Amsterdam congress was not found on the pages consulted, so it is left null and coordinates default to the Amsterdam city center.",https://www.mdscongress.org/About/Past-future; https://www.mdscongress.org/Abstracts/Submissions
neurocritical-care-society-annual-2027,NCS 25th Annual Meeting,Neurocritical Care Society 2027,Neurocritical Care Society,https://www.neurocriticalcare.org/,https://www.neurocriticalcare.org/Events/Annual-Meeting/Past-Future-Annual-Meetings,neurology,neurocritical-care; critical-care,2027-09-27,2027-09-30,in-person,New Orleans,Louisiana,US,Hyatt Regency New Orleans,29.95,-90.0755,"The Neurocritical Care Society holds its 25th annual meeting in New Orleans, Louisiana, at the Hyatt Regency New Orleans. The meeting covers multidisciplinary neurocritical care research and clinical practice.",,high,Abstract and registration deadlines are not yet published for this edition.,https://www.neurocriticalcare.org/Events/Annual-Meeting/Past-Future-Annual-Meetings; https://www.neurocriticalcare.org/Events/Event-Calendar/Event-Details/ncs-25th-annual-meeting-2027
wms-congress-2027,World Muscle Society 32nd International Annual Congress 2027,WMS 2027,World Muscle Society,https://www.worldmusclesociety.org,https://www.worldmusclesociety.org/m/events/view/wms-32-helsinki-finland-28-september-2-october-2027,neurology; neuroscience,neuromuscular,2027-09-28,2027-10-02,,Helsinki,Uusimaa,FI,,60.1699,24.9384,"The World Muscle Society Congress is the society's annual international meeting on neuromuscular disorders. The 2027 congress is the 32nd edition and is scheduled for Helsinki, Finland.",,medium,"This is currently only a save-the-date on the parent society site; no dedicated wms2027.com content was verified, and venue and deadlines are not yet published.",https://www.worldmusclesociety.org/m/events/view/wms-32-helsinki-finland-28-september-2-october-2027; https://www.worldmusclesociety.org/m/events/future-wms-congresses
ectrims-global-2027,ECTRIMS Global 2027,ECTRIMS 2027,European Committee for Treatment and Research in Multiple Sclerosis (ECTRIMS),https://ectrims.eu,https://ectrims.eu/events/ectrims-global-2027/,neurology,multiple-sclerosis; international; clinical-trials,2027-10-05,2027-10-08,,Vienna,Vienna,AT,,48.2082,16.3738,"ECTRIMS holds ECTRIMS Global 2027 in Vienna, Austria, from 5 to 8 October 2027, including a pre day, the main annual congress, and a patient community day. The event focuses on multiple sclerosis research and treatment.",,medium,Venue name and abstract submission or registration deadlines are not yet published on the official site as of the access date.,https://ectrims.eu/events/ectrims-global-2027/
aap-nce-2027,2027 AAP National Conference & Exhibition,AAP NCE 2027,American Academy of Pediatrics,https://www.aap.org,https://aapexperience.org/future-dates/,pediatrics,pediatrics; education; community; primary-care,2027-10-15,2027-10-19,,Chicago,Illinois,US,McCormick Place,41.8515,-87.6167,"The American Academy of Pediatrics will hold its 2027 National Conference and Exhibition at McCormick Place in Chicago. This is the annual gathering for pediatric clinicians, researchers and trainees to present research and attend educational programming.",,medium,"Dates and venue for 2027 are published on the official site (confirmed via the archive.aapexperience.org mirror after the primary domain returned HTTP 503 to direct fetch) but are far enough out that no abstract submission or registration deadlines have been announced yet as of 2026-09-10. The deadlines list is therefore empty rather than estimated; the prior_edition block gives the 2026 timing for reference only, not as an estimate of 2027 dates.",https://archive.aapexperience.org/future-dates/; https://aapexperience.org/future-dates/
anesthesiology-2027,ANESTHESIOLOGY 2027 Annual Meeting,ANESTHESIOLOGY 2027,American Society of Anesthesiologists,https://www.asahq.org,https://www.asahq.org/meetings/anesthesiology-annual-meeting,anesthesiology,anesthesia,2027-10-15,2027-10-19,,Boston,Massachusetts,US,,42.3601,-71.0589,"ANESTHESIOLOGY is the American Society of Anesthesiologists' annual meeting covering clinical and scientific developments in anesthesia care. The 2027 meeting is scheduled for Boston, Massachusetts.",,medium,"asahq.org itself could not be fetched directly (HTTP 403 on related pages); 2027 dates were confirmed only via a convention/visitors-bureau listing rather than an official ASA page, and no abstract submission information has been published yet.",https://www.meetboston.com/event/american-society-of-anesthesiologists-annual-meeting-2027/conventions_251041/
acs-clinical-congress-2027,Clinical Congress 2027,ACS CC 2027,American College of Surgeons,https://www.facs.org,https://www.facs.org/for-medical-professionals/conferences-and-meetings/future-clinical-congress/,surgery,surgery,2027-10-16,2027-10-19,,San Diego,California,US,,32.7157,-117.1611,"Clinical Congress is the annual educational meeting of the American College of Surgeons, offering courses, scientific sessions, and abstract presentations across surgical specialties. The 2027 edition is scheduled to take place in San Diego, California.",,medium,"Only the meeting dates and host city are published so far on the official future-congress page; no specific venue or abstract/registration deadlines have been announced as of 2026-09-10. Coordinates given are for San Diego city center rather than a specific venue. Deadlines are left empty rather than estimated because ACS has not yet opened a call for the 2027 congress; the 2026 edition's general abstract deadline fell in early March, roughly seven months before the meeting, which may be a rough guide once ACS publishes the actual 2027 call.",https://www.facs.org/for-medical-professionals/conferences-and-meetings/future-clinical-congress/
congress-neurological-surgeons-2027,77th Congress of Neurological Surgeons Annual Meeting,CNS Neurosurgery 2027,Congress of Neurological Surgeons,https://www.cns.org,https://www.cns.org/meetings/past-and-future-annual-meetings,neurology; surgery,neurosurgery; neurocritical-care; student-resident-research,2027-10-23,2027-10-27,in-person,Phoenix,Arizona,US,,33.4484,-112.074,"Annual scientific meeting of the Congress of Neurological Surgeons covering the full range of neurosurgical subspecialties, to be held in Phoenix, Arizona.",,medium,Only dates and city are published for 2027; venue and all submission and registration deadlines are not yet announced.,https://www.cns.org/meetings/past-and-future-annual-meetings
sfn-neuroscience-2027,Society for Neuroscience Neuroscience 2027,SfN 2027,Society for Neuroscience,https://www.sfn.org/,https://www.sfn.org/meetings,psychiatry,neuroscience; international,2027-10-23,2027-10-27,,Chicago,Illinois,US,,41.8781,-87.6298,"SfN lists Neuroscience 2027 for October 23 to 27, 2027, in Chicago. No venue, abstract or registration deadlines have been published; the meeting falls three weeks earlier in the year than Neuroscience 2026.",Symposium and session proposals = 2027-01-15 (estimated); Abstract submission = 2027-05-20 (estimated); Late breaking abstract submission = 2027-08-24 (estimated),medium,"Previous Chicago meetings used McCormick Place, but the venue is not stated on the SfN page reviewed.",https://www.sfn.org/meetings
wcn-2027,XXVIII World Congress of Neurology,WCN 2027,World Federation of Neurology,https://wfneurology.org,https://wcn-neurology.com/,neurology; neuroscience,international; global; neuroscience,2027-10-23,2027-10-25,,Cape Town,Western Cape,ZA,,-33.9249,18.4241,"The World Federation of Neurology holds its biennial World Congress of Neurology in Cape Town, South Africa, from 23 to 25 October 2027. The congress is organized by the Kenes Group on behalf of the federation and covers general and subspecialty neurology topics.",,medium,"Some secondary aggregator sites list the dates as 24 to 27 October 2027, but the official wcn-neurology.com site states 23 to 25 October 2027, which was used here. Venue name and abstract or registration deadlines are not yet published on the official site as of the access date.",https://wcn-neurology.com/; https://wfneurology.org/wcn-meetings; https://wfneurology.org/future-congresses
chest-annual-meeting-2027,CHEST 2027 Annual Meeting,CHEST 2027,American College of Chest Physicians,https://www.chestnet.org,https://www.chestnet.org/learning-and-events/events/chest-annual-meeting,pulmonary-critical-care,pulmonary; critical-care,2027-10-24,2027-10-27,,Vancouver,British Columbia,CA,,49.2827,-123.1207,"The CHEST Annual Meeting is the American College of Chest Physicians' annual conference on pulmonary, critical care, and sleep medicine. The 2027 meeting is scheduled for Vancouver, British Columbia.",,high,Abstract submission deadlines for CHEST 2027 have not yet been published.,https://www.chestnet.org/learning-and-events/events/chest-annual-meeting
aacap-annual-2027,AACAP 74th Annual Meeting 2027,AACAP 2027,American Academy of Child and Adolescent Psychiatry,https://www.aacap.org/,https://www.aacap.org/aacap/CME_and_Meetings/Future_Annual_Meetings.aspx,psychiatry,child-adolescent; general-psychiatry,2027-10-25,2027-10-30,in-person,New York,New York,US,New York Hilton Midtown and Sheraton New York Times Square Hotel,40.7625,-73.979,The 2027 annual meeting of the American Academy of Child and Adolescent Psychiatry in New York City. The call for papers has not yet been published.,"General submission deadline (Clinical Perspectives, Symposia, Workshops, Institutes, Media Theatre, Posters) = 2027-02-11 (estimated); Late New Research Poster submission deadline = 2027-06-03 (estimated)",medium,Meeting dates and hotels are published; all deadlines are estimates. AACAP usually opens the call for papers in December; check aacap.confex.com/aacap/2027/cfp.cgi from December 2026.,https://www.aacap.org/aacap/CME_and_Meetings/Future_Annual_Meetings.aspx; https://aacap.confex.com/aacap/2026/cfp.cgi
acep-scientific-assembly-2027,ACEP27 Scientific Assembly,ACEP27,American College of Emergency Physicians,https://www.acep.org,https://www.acep.org/master-calendar/acep27-scientific-assembly,emergency-medicine,emergency-medicine,2027-10-25,2027-10-28,,Boston,Massachusetts,US,,42.3601,-71.0589,"The ACEP Scientific Assembly is the American College of Emergency Physicians' annual educational meeting for emergency medicine. ACEP27 is scheduled for Boston, Massachusetts.",,high,Research Forum abstract submission details for ACEP27 have not yet been published.,https://www.acep.org/sa/general-information/future-dates
aanem-annual-2027,2027 AANEM Annual Meeting,AANEM 2027,American Association of Neuromuscular and Electrodiagnostic Medicine,https://www.aanem.org/,https://www.aanem.org/meetings/future-annual-meetings,neurology,neuromuscular,2027-10-27,2027-10-30,in-person,San Antonio,Texas,US,,29.4241,-98.4936,"The American Association of Neuromuscular and Electrodiagnostic Medicine holds its annual meeting in San Antonio, Texas. The program covers electrodiagnostic medicine and neuromuscular disease research and practice.",Abstract submission opens = 2027-01-01; Abstract submission = 2027-03-15,high,Venue not yet published; coordinates are for San Antonio city center. No registration deadlines published yet for this edition.,https://www.aanem.org/meetings/future-annual-meetings; https://www.aanem.org/meetings/annual-meeting/abstract-information-submission
apna-annual-2027,APNA 41st Annual Conference 2027,APNA 2027,American Psychiatric Nurses Association,https://www.apna.org,https://www.apna.org/apna-annual-conference/,psychiatry; nursing,general-psychiatry; nursing; education,2027-10-27,2027-10-30,,Minneapolis,Minnesota,US,,44.9778,-93.265,"The American Psychiatric Nurses Association plans its 41st annual conference for psychiatric mental health nurses in Minneapolis, Minnesota.",,medium,No dedicated 2027 conference page or deadlines published yet; dates and city taken from a forward looking mention on the official 2026 conference page.,https://www.apna.org/apna-annual-conference/
aapl-annual-2027,AAPL 58th Annual Meeting 2027,AAPL 2027,American Academy of Psychiatry and the Law,https://aapl.org/,https://aapl.org/58th-annual-meeting/,psychiatry,forensic; general-psychiatry,2027-10-28,2027-10-31,in-person,San Antonio,Texas,US,,29.4241,-98.4936,"The 58th annual meeting of the American Academy of Psychiatry and the Law, scheduled for San Antonio, Texas.",Call for papers deadline = 2027-03-01 (estimated),low,Dates and city come only from a search snippet of the official page; venue not captured. Verify once aapl.org is reachable.,https://aapl.org/58th-annual-meeting/
wpa-world-congress-2027,27th World Congress of Psychiatry (WCP 2027),WPA WCP 2027,World Psychiatric Association,https://www.wpanet.org/,https://www.wpanet.org/upcoming-congresses-events/,psychiatry,general-psychiatry; international; global,2027-11-04,2027-11-07,,Cartagena,Bolívar,CO,,10.4266,-75.5442,"The 27th World Congress of Psychiatry is scheduled by the World Psychiatric Association for Cartagena, Colombia. Only the dates and city have been published; a dedicated congress website has not yet been launched.",Session proposal submission = 2027-03-15 (estimated); Abstract submission = 2027-05-01 (estimated); Early registration = 2027-07-15 (estimated),medium,"Dates and city are published on the WPA site; venue, format and all deadlines are unpublished. The wcp-congress.com domain currently serves the 2026 edition and will probably be reused for 2027.",https://www.wpanet.org/upcoming-congresses-events/; https://wcp-congress.com/general-information/
apha-annual-2027,APHA Annual Meeting and Expo 2027,APHA 2027,American Public Health Association,https://www.apha.org,https://www.apha.org/events-and-meetings/annual/about/past-and-future-annual-meetings,public-health,public-health; epidemiology; community,2027-11-07,2027-11-10,in-person,Philadelphia,Pennsylvania,US,,39.9526,-75.1652,"The American Public Health Association plans its 2027 Annual Meeting and Expo for Philadelphia, Pennsylvania. The organization notes that future meeting dates and locations may change.",,medium,"No abstract or registration deadlines are published yet for 2027, and the organizer flags these future dates as subject to change.",https://www.apha.org/events-and-meetings/annual/about/past-and-future-annual-meetings
child-neurology-society-annual-2027,56th Child Neurology Society Annual Meeting,Child Neurology Society 2027,Child Neurology Society,https://www.childneurologysociety.org/,https://www.childneurologysociety.org/event/56th-cns-annual-meeting/,neurology,pediatrics; child-adolescent; epilepsy,2027-11-10,2027-11-13,in-person,Milwaukee,Wisconsin,US,,43.0389,-87.9065,"The Child Neurology Society holds its 56th annual meeting in Milwaukee, Wisconsin. The program covers research and clinical practice in pediatric neurology.",,medium,"Exact dates (Nov 10-13, 2027) appear only on the single official event page found; the original 2024 host-city announcement gave only the month. Venue and abstract/registration deadlines are not yet published. Coordinates are for Milwaukee city center since no venue is named.",https://www.childneurologysociety.org/event/56th-cns-annual-meeting/; https://www.childneurologysociety.org/destination-milwaukee-announcing-the-56th-cns-annual-meeting-in-the-heart-of-wisconsin/
cpa-annual-conference-2027,Canadian Psychiatric Association 77th Annual Conference 2027,CPA 2027,Canadian Psychiatric Association,https://www.cpa-apc.org/,https://www.cpa-apc.org/future-conferences/,psychiatry,general-psychiatry; international; education,2027-11-10,2027-11-13,,Toronto,Ontario,CA,Westin Harbour Castle,43.6409,-79.3757,The 77th Annual Conference of the Canadian Psychiatric Association is scheduled for the Westin Harbour Castle in Toronto from 10 to 13 November 2027. Only the dates and venue have been published.,Abstract submission = 2027-02-01 (estimated); Early registration = 2027-10-22 (estimated),medium,Dates and venue published; format and deadlines not yet announced.,https://www.cpa-apc.org/future-conferences/; https://www.cpa-apc.org/call-for-abstracts/
aaap-annual-2027,AAAP 38th Annual Meeting and Scientific Symposium 2027,AAAP 2027,American Academy of Addiction Psychiatry,https://www.aaap.org/,https://www.aaap.org/training-events/annual-meeting/about-the-aaap-annual-meeting/,psychiatry,addiction; general-psychiatry,2027-11-11,2027-11-14,in-person,Washington,District of Columbia,US,"JW Marriott Washington, DC",38.896,-77.03,The 2027 annual scientific meeting of the American Academy of Addiction Psychiatry. AAAP states that more information will be released in early 2027.,Early bird registration deadline = 2027-10-01 (estimated),medium,Dates and venue are official; no submission timeline is published.,https://www.aaap.org/training-events/annual-meeting/about-the-aaap-annual-meeting/
aamc-learn-serve-lead-2027,Learn Serve Lead 2027: The AAMC Annual Meeting,AAMC Learn Serve Lead 2027,Association of American Medical Colleges,https://www.aamc.org,https://www.aamc.org/learn-network/learn-serve-lead,medical-education,medical-education; education,2027-11-12,2027-11-16,in-person,Washington,District of Columbia,US,,38.9072,-77.0369,"The Association of American Medical Colleges holds Learn Serve Lead, its annual meeting, in Washington, DC in 2027.",,medium,No abstract or registration deadlines are published yet for 2027.,https://www.aamc.org/learn-network/learn-serve-lead
aao-annual-2027,AAO 2027 Annual Meeting,AAO 2027,American Academy of Ophthalmology,https://www.aao.org,https://www.aao.org/annual-meeting/past-and-future-meetings,ophthalmology,ophthalmology; education,2027-11-12,2027-11-15,in-person,Las Vegas,Nevada,US,The Venetian Expo,36.1215,-115.1739,"AAO 2027 is the American Academy of Ophthalmology's annual meeting, scheduled for November 12 to 15, 2027 in Las Vegas, Nevada at the Venetian Expo and Hotel.",Instruction course submission opens = 2026-12-10; Instruction course submission deadline = 2027-01-12; Paper/poster and video submission opens = 2027-03-11; Paper/poster and video submission deadline = 2027-04-13; Instruction course acceptance notification = 2027-04-15 (estimated); Instruction course schedule notification = 2027-05-15 (estimated); Paper/poster and video notification = 2027-07-15 (estimated),medium,"This record is for the American Academy of Ophthalmology (aao.org). Underlying pages could only be retrieved through a third-party reader proxy (r.jina.ai) because direct fetches of the relevant aao.org sub-pages returned 404; the proxy mirrors the same live official content. No dedicated AAO 2027 landing page equivalent to AAO 2026's /annual-meeting page was found yet, so the past-and-future-meetings listing page is used as the edition URL. Three notification dates are only stated as 'mid-month' on the source page and are flagged estimated.",https://www.aao.org/annual-meeting/past-and-future-meetings; https://www.aao.org/annual-meeting/presenter/dates
napcrg-annual-meeting-2027,NAPCRG 55th Annual Meeting,NAPCRG 2027,North American Primary Care Research Group,https://www.napcrg.org,https://www.napcrg.org/conferences/future-conferences/,family-medicine; health-services,primary-care; health-services; epidemiology,2027-11-13,2027-11-17,in-person,Vancouver,British Columbia,CA,JW Marriott Parq Vancouver,49.2768,-123.1191,"The NAPCRG 55th Annual Meeting is the yearly research conference of the North American Primary Care Research Group, scheduled at the JW Marriott Parq Vancouver in Vancouver, British Columbia. The program centers on primary care and family medicine research presentations, workshops, and networking sessions.",,high,Call for papers and other submission deadlines for the 2027 meeting had not been published as of access date.,https://www.napcrg.org/conferences/future-conferences/
rsna-annual-2027,RSNA 2027 Scientific Assembly and Annual Meeting,RSNA 2027,Radiological Society of North America,https://www.rsna.org,https://www.rsna.org/annual-meeting/future-and-past-meetings,radiology; nuclear-medicine,radiology; imaging; education,2027-11-14,2027-11-18,,Chicago,Illinois,US,McCormick Place,41.8531,-87.6121,"The Radiological Society of North America has scheduled its 2027 Scientific Assembly and Annual Meeting for November 14 to 18, 2027, at McCormick Place in Chicago. This edition begins about two weeks earlier than the 2026 meeting, and abstract submission and registration details had not been published as of September 2026.",,high,"Dates and venue are officially published, but no abstract submission, registration, or format information for RSNA 2027 was available as of 2026-09-10. RSNA 2026 (the prior edition) ran November 29 to December 3, 2026 at McCormick Place, Chicago, with an abstract submission deadline of May 6, 2026 and a registration rate increase on October 2, 2026; check the record for rsna-annual-2026 for details.",https://www.rsna.org/annual-meeting/future-and-past-meetings; https://www.rsna.org/annual-meeting
abct-2027,ABCT 61st Annual Convention 2027,ABCT 2027,Association for Behavioral and Cognitive Therapies,https://www.abct.org/,https://www.abct.org/convention-ce/annual-conventions/,psychiatry,psychotherapy; behavioral; psychology,2027-11-18,2027-11-21,,New Orleans,Louisiana,US,,29.9511,-90.0715,"The 61st ABCT Annual Convention is scheduled for New Orleans in November 2027. ABCT lists the dates and city on its annual conventions page; the venue, theme and call for papers have not been published.",Ticketed session submission = 2027-02-05 (estimated); General session submission opens = 2027-02-08 (estimated); General session submission = 2027-03-12 (estimated); Early registration = 2027-10-15 (estimated),medium,"Only dates and city are published. ABCT also lists 2028 (November 16 to 19, National Harbor, MD) and 2029 (November 8 to 11, Montreal).",https://www.abct.org/convention-ce/annual-conventions/; https://www.abct.org/convention-ce/call-for-papers/; https://www.abct.org/convention-ce/call-for-papers-ticketed-sessions/
sno-annual-2027,Society for Neuro-Oncology Annual Meeting 2027,SNO 2027,Society for Neuro-Oncology,https://www.soc-neuro-onc.org,https://www.soc-neuro-onc.org/meetings-education/sno-annual-meetings,neurology; oncology,oncology; cancer-research,2027-11-18,2027-11-21,,Phoenix,Arizona,US,,33.4484,-112.074,"The SNO Annual Meeting is a multidisciplinary conference on neuro-oncology research, diagnosis and treatment. The 2027 edition is scheduled for Phoenix, Arizona.",,medium,Specific venue and deadlines for the 2027 meeting are not yet published; coordinates given are for Phoenix city center.,https://www.soc-neuro-onc.org/meetings-education/sno-annual-meetings; https://www.fusfoundation.org/events/society-for-neurooncology-sno-annual-meeting-2027/
aes-annual-2027,American Epilepsy Society Annual Meeting 2027,AES 2027,American Epilepsy Society,https://aesnet.org,https://aesnet.org/AES-annual-meeting/general-information/future-meetings,neurology,epilepsy; student-resident-research,2027-12-03,2027-12-07,,Baltimore,Maryland,US,,39.2904,-76.6122,"The American Epilepsy Society will hold its annual meeting in Baltimore, Maryland, from December 3 to 7, 2027. Abstract submission, registration, and travel award information had not yet been published as of September 2026.",,high,"Only meeting dates and host city are published by AES for the 2027 edition as of 2026-09-10. Several aggregator and trade-show listing sites (e.g. 10times, showsbee, made-in-china trade show pages) name 'Baltimore Convention Center' as the venue, but this is not confirmed on aesnet.org, so venue is left null per the rule against relying on aggregator sites as a sole source. No abstract, registration, or travel award deadlines have been published yet; the prior (2026) edition's schedule is provided for reference only and none of its dates should be read as estimates for 2027.",https://aesnet.org/AES-annual-meeting/general-information/future-meetings
acnp-annual-2028,ACNP 66th Annual Meeting 2028,ACNP 2028,American College of Neuropsychopharmacology,https://acnp.org/,https://acnp.org/annual-meeting/dates-locations/,psychiatry,psychopharmacology; neuroscience; biological-psychiatry,2028-01-10,2028-01-13,in-person,Paradise Island,New Providence,BS,Atlantis Paradise Island Resort,25.0836,-77.321,"ACNP lists its 66th Annual Meeting for January 10 to 13, 2028, at the Atlantis Paradise Island Resort in the Bahamas. Submission deadlines for this edition have not been published.","Travel award application = 2027-05-13 (estimated); Panel, mini-panel and study group final submission = 2027-06-03 (estimated); Poster abstract submission = 2027-08-26 (estimated)",medium,"Included because the January 2027 poster deadline has already passed and this is the next open cycle. The same page lists a second 2028 meeting on December 4 to 7, 2028, in Las Vegas, which suggests a return to December scheduling. All deadlines here are estimates.",https://acnp.org/annual-meeting/dates-locations/
icnc-2028,20th International Child Neurology Congress,ICNC 2028,International Child Neurology Association,https://icnapedia.org,https://neurologiapediatrica.mx/congreso,neurology; pediatrics,pediatrics; epilepsy; genetics; global,2028-05-15,2028-05-19,in-person,Merida,Yucatan,MX,Yucatan International Congress Center,20.9674,-89.5926,"Congress of the International Child Neurology Association held jointly with the Sociedad Mexicana de Neurologia Pediatrica, themed Connecting minds, transforming lives.",,medium,"ICNC does not run on a fixed annual or biennial cycle (17th edition was 2022 in Antalya); no ICNC edition falls in 2026 or 2027, so the next confirmed edition (20th, 2028) is recorded. Abstract submission and registration deadlines are not yet published.",https://icnapedia.org/; https://neurologiapediatrica.mx/congreso
ins-world-congress-2028,18th World Congress of the International Neuromodulation Society,INS 2028,International Neuromodulation Society,https://www.neuromodulation.com,https://ins-congress.com/,neurology; surgery; psychiatry,neuromodulation; interventional; global,2028-05-21,2028-05-25,in-person,Dublin,,IE,,53.3498,-6.2603,"Biennial world congress of the International Neuromodulation Society, bringing together neurosurgeons, neurologists, psychiatrists, pain specialists and engineers working in neuromodulation.",,medium,"The INS World Congress is biennial; the 17th edition (INS 2026, Lisbon, May 9-14 2026) already occurred before today's date and is not included. Venue and all deadlines for INS 2028 are listed by the organizer as coming soon.",https://ins-congress.com/; https://ins-congress.com/prospectus/; https://2026.ins-congress.com/
cinp-world-congress-2028,CINP 38th World Congress of Neuropsychopharmacology 2028,CINP 2028,Collegium Internationale Neuro-Psychopharmacologicum (International College of Neuropsychopharmacology),https://cinp.org/,https://cinp.org/congress,psychiatry,psychopharmacology; international; global; neuroscience,2028-06-21,2028-06-24,in-person,Rio de Janeiro,Rio de Janeiro,BR,,-22.9068,-43.1729,"CINP announced its next World Congress for June 21 to 24, 2028, in Rio de Janeiro after cancelling the planned 2027 Abu Dhabi congress. No venue or submission deadlines have been published.",Abstract submission = 2028-01-10 (estimated),medium,"There is no CINP World Congress in 2027; the college plans regional and educational events instead. Some third party calendars still list a June 2027 Abu Dhabi congress, which CINP states is cancelled.",https://cinp.org/congress; https://cinp.org/Past-Events; https://cinp2026.org/submissions/abstract.html
iacapap-world-congress-2028,28th World Congress of IACAPAP 2028,IACAPAP 2028,International Association for Child and Adolescent Psychiatry and Allied Professions,https://www.iacapap.org/,https://www.iacapap-congress.com/information/iacapap-2028.html,psychiatry,child-adolescent; international; global,2028-09-19,2028-09-22,,Auckland,Auckland,NZ,New Zealand International Convention Centre (NZICC),-36.8491,174.7603,The 28th World Congress of IACAPAP is scheduled for the New Zealand International Convention Centre in Auckland with Dr Hinemoa Elder as congress president. The 27th congress took place in Hamburg from 1 to 4 July 2026 and the 29th is planned for Kyoto in 2030.,Abstract submission = 2028-04-15 (estimated),medium,"The 2026 edition has ended, so the next edition is 2028. Organizer for 2028 is CPO Hanser Service GmbH.",https://www.iacapap-congress.com/information/iacapap-2028.html; https://www.iacapap.org/events/world-congresses.html; https://www.iacapap-congress.com/; https://www.iacapap-congress.com/abstract-submission/abstract-submission-guidelines.html
wccbt-world-congress-2029,12th World Congress of Cognitive and Behavioural Therapies 2029 (WCCBT 2029),WCCBT 2029,World Confederation of Cognitive and Behavioural Therapies,https://wccbt.org/,https://wccbt.org/world-congress-2029/,psychiatry,psychotherapy; behavioral; psychology; international; global,2029-06-20,2029-06-23,,Foz do Iguaçu,Paraná,BR,,-25.5304,-54.5831,The 12th World Congress of Cognitive and Behavioural Therapies (formerly the World Congress of Behavioural and Cognitive Therapies) is organized by ALAMOC with ALAMOC Brazil in Foz do Iguaçu. The 11th congress took place in San Francisco in June 2026.,Abstract submission = 2029-01-12 (estimated),medium,"Official 2029 congress site: https://www.wccbtfoz2029.com/. The 2026 site printed the abstract deadline as Friday, January 12, which does not match the 2026 calendar (12 January 2026 was a Monday).",https://wccbt.org/world-congress-2029/; https://wccbt2026.org/congress-overview/
world-parkinson-congress-2029,8th World Parkinson Congress 2029,WPC 2029,World Parkinson Coalition,https://www.worldpdcoalition.org,https://www.worldpdcoalition.org,neurology; neuroscience; rehabilitation,movement-disorders; global,2029-06-26,2029-06-29,,Quebec City,Quebec,CA,,46.8139,-71.208,"The World Parkinson Congress is a triennial multidisciplinary meeting for researchers, clinicians, allied health professionals, caregivers and people living with Parkinson's disease. The 8th edition was announced for Quebec City during the closing of the 7th Congress in Phoenix.",,medium,"The World Parkinson Congress meets triennially, so there is no 2027 edition. The 2026 edition (Phoenix) had already concluded before this data was compiled on 2026-09-10; the next confirmed edition is 2029 in Quebec City. Venue within Quebec City and deadlines are not yet announced. Dates and city are corroborated by two independent secondary sources reporting the same announcement; no dedicated official conference website for WPC 2029 was found yet.",https://parkinsonseurope.org/parkinsonslife/canada-confirmed-as-venue-for-next-world-parkinson-congress-in-2029/; https://www.levlab.ca/en/post/from-phoenix-to-quebec-looking-ahead-to-the-world-parkinson-congress-2029; https://wpc2026.org/
aapmr-annual-assembly-2027,2027 AAPM&R Annual Assembly,AAPM&R 2027,American Academy of Physical Medicine and Rehabilitation,https://www.aapmr.org,https://www.aapmr.org/education/annual-assembly,rehabilitation,rehabilitation; education,,,,,,,,,,The AAPM&R Annual Assembly is the annual scientific meeting of the American Academy of Physical Medicine and Rehabilitation. Dates and location for the 2027 edition have not been published yet.,,low,No 2027 dates or location have been published as of 2026-09-10 on any AAPM&R page found. Record emitted with null dates and the 2026 prior edition per instructions.,https://www.aapmr.org/docs/default-source/annual-assembly-documents/2025-tote-bag/2026-key-dates.pdf; https://www.aapmr.org/education/annual-assembly
apa-mhsc-2026,APA Mental Health Services Conference 2026,APA MHSC 2026,American Psychiatric Association,https://www.psychiatry.org/,https://www.psychiatry.org/psychiatrists/meetings,psychiatry,community; general-psychiatry,,,,,,US,,,,"The Mental Health Services Conference, formerly the Institute on Psychiatric Services, was APA's fall meeting on community and public psychiatry. No 2026 or 2027 edition is listed on the APA meetings calendar.",,low,"A search engine summary of a Psychiatric News article (Trustees Approve 2025 Budgets, psychiatryonline.org, February 2025) states the 2025 MHSC was transitioned into a community psychiatry track at the 2025 Annual Meeting; the article itself could not be opened (bot protection). The 2026 Annual Meeting registration page lists a Community Psychiatry Hub. Treat this conference as discontinued or merged unless APA announces a new edition. Suggest hiding or flagging this entry.",https://www.psychiatry.org/psychiatrists/meetings; https://www.psychiatry.org/about-apa/meet-our-organization/councils/medical-education-and-lifelong-learning/committee-mental-health-services-conference; https://www.psychiatry.org/psychiatrists/meetings/the-mental-health-services-conference/schedule-at-a-glance
ash-annual-2027,ASH Annual Meeting and Exposition 2027,ASH 2027,American Society of Hematology,https://www.hematology.org,https://www.hematology.org/meetings/annual-meeting,hematology; oncology,hematology; oncology; clinical-trials,,,,,,,,,,"The ASH Annual Meeting and Exposition is the primary scientific meeting of the American Society of Hematology, covering malignant and non-malignant blood disorders. As of September 2026, the American Society of Hematology had not yet published dates or a location for the 69th edition in 2027.",,low,"No official date or location for the 69th ASH Annual Meeting (2027) has been published by hematology.org as of 2026-09-10. Aggregator sites (showsbee.com, life-sciences-usa.com) list placeholder values such as a generic December 2027 or a 2027-12-01 start date, but these are not sourced from ASH and were deliberately not used to populate start_date or end_date, per instructions never to invent a date. No deadlines are estimated because doing so would require first guessing the meeting date itself, which is not yet public; the prior (2026) edition's dates are recorded above for reference only.",https://www.hematology.org/meetings; https://www.hematology.org/meetings/annual-meeting
asn-kidney-week-2027,ASN Kidney Week 2027,Kidney Week 2027,American Society of Nephrology,https://www.asn-online.org,https://www.asn-online.org/education/kidneyweek/,nephrology,nephrology,,,,,,,,,,ASN Kidney Week is the American Society of Nephrology's annual meeting for nephrology clinicians and researchers. Dates and location for the 2027 meeting had not been published as of September 2026.,,low,No published dates were found for ASN Kidney Week 2027 as of 2026-09-10. This record should be revisited once ASN announces the edition.,https://www.asn-online.org/education/kidneyweek/
big-ten-neuroscience-2027,Big Ten Neuroscience Annual Meeting 2027,Big Ten Neuroscience 2027,Big Ten Academic Alliance Neuroscience Program (rotating host institution),,,neuroscience,student-resident-research; education,,,,,,,,,,The Big Ten Neuroscience Annual Meeting rotates among Big Ten Academic Alliance member universities and has not announced a host institution or dates for 2027 as of the access date. The 2026 meeting was hosted by the University of Nebraska Medical Center in Omaha on 16 July 2026.,,low,"No permanent central website exists for this rotating multi-institution meeting; no source found announces a 2027 host. This record is a placeholder because task instructions allowed either the 2026 or 2027 edition, and the 2026 Omaha meeting had already concluded by the 2026-09-10 reference date.",https://www.unmc.edu/newsroom/2026/05/06/unmc-to-host-big-ten-neuroscience-annual-meeting/; https://research.purdue.edu/big10conf/conference/
cnsf-congress-2027,CNSF Congress 2027,CNSF 2027,Canadian Neurological Sciences Federation,https://www.cnsf.org,,neurology; surgery,international,,,,,,,,,,"The Canadian Neurological Sciences Federation has not published dates or a host city for its 2027 congress on its official future dates page as of the access date. The federation congress is multidisciplinary, bringing together Canadian societies of neurology, neurosurgery, and clinical neurophysiology. The 2026 congress was held in Banff, Alberta, from 25 to 29 May 2026.",,low,"Automated web search summaries repeatedly claimed the 2027 CNSF Congress would be 2 to 5 June 2027 in Halifax, Nova Scotia, but this could not be verified in any underlying search result snippet or on the official cnsf.org future dates page, and it exactly matches the separately confirmed CMSC 2027 date pattern (2 to 4 June 2027, San Diego), suggesting a search summarization error rather than a real fact; it was not used. This record is a placeholder because task instructions allowed either the 2026 or 2027 edition, and the 2026 Banff congress had already concluded by the 2026-09-10 reference date.",https://www.cnsf.org/congress/about-congress/future-dates/
ctmss-annual-2027,Clinical TMS Society 15th Annual Meeting 2027,CTMSS 2027,Clinical TMS Society,https://clinicaltmssociety.org/,https://clinicaltmssociety.org/annual-meeting/,psychiatry,neuromodulation; mood-disorders,,,,Chicago,Illinois,US,,41.8781,-87.6298,"The Clinical TMS Society has posted a save the date for its 2027 annual meeting in Chicago. Dates, venue and abstract deadlines have not been published.",Poster abstract submission opens = 2026-12-01 (estimated); Poster abstract submission = 2027-02-01 (estimated),low,Meeting number inferred from the 2026 meeting being the 14th; recent meetings have been held in early June. Related CTMSS events in 2026: PULSES course October 23 to 25 in Providence and a Pain Academy on October 15 in San Diego.,https://clinicaltmssociety.org/annual-meeting/
iced-2027,International Conference on Eating Disorders (ICED) 2027,ICED 2027,Academy for Eating Disorders,https://www.aedweb.org/,https://web.cvent.com/event/d17b9de3-6f72-4cf8-bd9b-37fadde6e67d/summary,psychiatry,eating-disorders; international,,,,Phoenix,Arizona,US,Arizona Grand Resort & Spa,33.3735,-111.99,"ICED 2027, hosted by the Academy for Eating Disorders, will be held at the Arizona Grand Resort & Spa in Phoenix under the theme Advancing Eating Disorders Science and Care: From Legacy to Cutting Edge. The call for abstracts is open.",Abstract submission (first portal) = 2026-10-30; Abstract submission (second portal) = 2026-11-17; AED Fellows application = 2027-01-11; AED Fellows nomination = 2027-01-31,low,"Conference dates are not stated in the page text. The page's countdown script targets June 2, 2027, and ICED 2026 was June 3 to 5, so early June 2027 is likely; the hotel room block is not yet open. Aggregator listings for an ICED in Berlin or New York in May 2027 refer to unrelated commercial events.",https://web.cvent.com/event/d17b9de3-6f72-4cf8-bd9b-37fadde6e67d/summary; https://www.aedweb.org/; https://higherlogicdownload.s3.amazonaws.com/AEDWEB/27a3b69a-8aae-45b2-a04c-2a078d02145d/UploadedImages/ICED_2026_Sponsorship_Prospectus__12182025.pdf
idweek-2027,IDWeek 2027,IDWeek 2027,"IDWeek (Infectious Diseases Society of America, HIV Medicine Association, Society for Healthcare Epidemiology of America, Pediatric Infectious Diseases Society)",https://idweek.org,https://idweek.org,infectious-disease,infectious-disease,,,,,,,,,,"IDWeek is the combined annual meeting of four infectious disease societies, covering clinical and research advances in infectious diseases, HIV medicine, healthcare epidemiology, and pediatric infectious diseases. Dates and location for the 2027 meeting had not been published as of September 2026.",,low,No published dates were found for IDWeek 2027 as of 2026-09-10.,https://idweek.org
iec-2027,37th International Epilepsy Congress,IEC 2027,International League Against Epilepsy (ILAE) and International Bureau for Epilepsy (IBE),https://www.ilae.org,https://www.ilae.org/congresses/37th-international-epilepsy-congress,neurology,epilepsy; international; global,,,,Amsterdam,North Holland,NL,,52.3676,4.9041,"The International League Against Epilepsy and the International Bureau for Epilepsy plan to hold the 37th International Epilepsy Congress in Amsterdam, Netherlands. Exact congress dates were not yet published on the official page as of the access date.",,low,"Direct WebFetch of ilae.org returned HTTP 403 Forbidden; content was retrieved via the r.jina.ai proxy. The official page did not state exact congress dates, only that a call for abstracts is expected in autumn 2026 and special interest session proposals in winter 2026. Prior edition (Lisbon 2025) dates are drawn from aggregator consensus (ILAE affiliate and partner listings), not a directly fetched ILAE page, so treat them as approximate.",https://www.ilae.org/congresses/37th-international-epilepsy-congress
isad-conference-next,"International Society for Affective Disorders 14th Conference (next edition, unannounced)",ISAD 14,International Society for Affective Disorders,https://www.isad.org.uk/,https://www.isad.org.uk/conference/isad-events.asp,psychiatry,mood-disorders; international,,,,,,,,,,"ISAD holds a biennial international conference on mood disorders. The society website still lists the 12th conference (Milan, December 2023); a 13th conference is recorded by third parties for 2025 and no 14th conference has been announced as of September 2026.",,low,Could not verify dates or location of the 13th (2025) conference from an official page. Recheck isad.org.uk and the ISAD Facebook page for a 2027 announcement.,https://www.isad.org.uk/conference/isad-events.asp; https://www.isadconference.org/; https://www.clocate.com/conference-of-the-international-society-for-affective-disorders-isad/16255/; https://www.kcl.ac.uk/events/isad-london-2025-mapping-future-affective-disorder-treatments
isbd-annual-2027,ISBD 29th Annual Conference 2027,ISBD 2027,International Society for Bipolar Disorders,https://www.isbd.org/,https://www.isbd.org/past-future-conferences/,psychiatry,mood-disorders; international,,,,Porto,Porto District,PT,,41.1579,-8.6291,"ISBD has announced that its 2027 annual conference will be held in Porto, Portugal. Dates, venue and submission deadlines have not been published.",,low,"Only the city is confirmed. Recent ISBD conferences ran in September (Chiba 2025, Vancouver 2026), so a September 2027 date is plausible but unconfirmed.",https://www.isbd.org/past-future-conferences/
isen-annual-2027,ISEN Annual Meeting and ECT Course 2027,ISEN 2027,International Society for ECT and Neurostimulation,https://www.isen-ect.org/,https://www.isen-ect.org/programs---events,psychiatry,neuromodulation; mood-disorders,,,,New York,New York,US,,40.7128,-74.006,"ISEN lists its 2027 Annual Meeting for May 2027 in New York, NY, with details to follow. Poster submission is announced to open in December 2026.",,low,The annual meeting is typically paired with a one day ECT certificate course. Contact for meeting questions is events@isen-ect.org.,https://www.isen-ect.org/programs---events; https://www.isen-ect.org/images/annual-meeting/2026/2026AnnualMeetingProspectus.pdf
nida-international-forum-2027,2027 NIDA International Forum,NIDA International Forum 2027,"National Institute on Drug Abuse, International Program",https://nida.nih.gov/international,https://nida.nih.gov/international/international-forum,psychiatry,addiction; international; global,,,,,,,,,,"The NIDA International Forum is an annual June meeting for substance use researchers, traditionally held alongside the College on Problems of Drug Dependence annual scientific meeting, with a poster session and no registration fee. The 2026 Forum was held virtually on 3 to 4 June 2026; the 2027 Forum has not been announced.",Poster abstract submission = 2027-03-22 (estimated),low,"CPDD's 89th Annual Scientific Meeting is scheduled for 26 to 30 June 2027 in Toronto; if the Forum returns to an in person format it would likely be held alongside it, but no announcement exists.",https://www.issup.net/events/calendar/2026-06/2026-nida-international-forum; https://cpdd.org/event/2026-nida-international-forum-building-international-collaborative-research-in-drug-use-and-addiction/; https://nida.nih.gov/international/international-forum
nimh-mhsr-conference-next,"NIMH Mental Health Services Research Conference (26th MHSR, next edition unannounced)",NIMH MHSR,National Institute of Mental Health,https://www.nimh.nih.gov/,https://www.nimh.nih.gov/news/events,psychiatry,health-services; community; epidemiology,,,,,,US,,,,"The NIMH Mental Health Services Research Conference (MHSR) is a periodic meeting with an associated New Investigator Workshop for early career researchers. The 26th MHSR scheduled for 28 to 31 July 2025 in Gaithersburg, Maryland was postponed, and no 2026 or 2027 date has been announced on the NIMH events page as of September 2026.",,low,The 2025 edition (26th) was postponed with no new date. The most recent completed edition was the 25th in August 2022.,https://www.nimh.nih.gov/news/events/announcements; https://www.nimh.nih.gov/news/events/services-research-index; https://content.govdelivery.com/accounts/USNIMH/bulletins/3d35949; https://www.labroots.com/virtual-event/25th-nimh-conference-mental-health-services-research-mhsr
rsa-annual-2027,Research Society on Alcohol Annual Scientific Meeting 2027,RSA 2027,Research Society on Alcohol,https://researchsocietyonalcohol.org/,https://researchsocietyonalcohol.org/2026-meeting/,addiction-medicine; psychiatry; neuroscience,alcohol; addiction; neuroscience; clinical-trials,,,,,,,,,,"The Research Society on Alcohol, formerly the Research Society on Alcoholism, holds an annual scientific meeting on alcohol research, addiction medicine, and neuroscience. Exact dates, city, and venue for the 2027 meeting have not yet been published by the organizer as of September 2026.",Abstract submission opens = 2026-10-14,low,"As of 2026-09-10 the organizer has not published exact dates, city, or venue for the 2027 meeting; only an abstract submission open date (October 14, year inferred as 2026) and a registration opening month (December 2026, exact day not given) appear on the official site. The page's banner still labels the meeting the 49th Annual RSA Scientific Meeting even though the meetings archive implies 2027 should be the 50th; a maintainer should recheck this page nearer the date. Registration opening (December 2026) was not added as a deadline entry because only the month is given, not a specific day.",https://researchsocietyonalcohol.org/2026-meeting/; https://researchsocietyonalcohol.org/annual-meeting/meetings-archive/; https://researchsocietyonalcohol.org/annual-meeting/general-information-and-timelines/; https://www.addiction.rutgers.edu/event/46th-annual-research-society-on-alcoholism-rsa-annual-scientific-meeting/
srp-annual-2027,Society for Research in Psychopathology 2027 Annual Meeting,SRP 2027,Society for Research in Psychopathology,https://psychopathology.org/,https://psychopathology.org/annual-meeting/future-dates-and-locations/,psychiatry,psychology; biological-psychiatry; schizophrenia; mood-disorders,,,,Detroit,Michigan,US,,42.3314,-83.0458,"SRP lists Detroit, Michigan as the site of its 2027 annual meeting. Dates, venue and deadlines have not been published; recent meetings have been held between late September and mid October.",Abstract submission = 2027-04-19 (estimated),low,,https://psychopathology.org/annual-meeting/future-dates-and-locations/
uiuc-beckman-institute-open-house-2027,Beckman Institute Open House 2027,Beckman Open House 2027,"Beckman Institute for Advanced Science and Technology, University of Illinois Urbana-Champaign",https://beckman.illinois.edu,https://beckman.illinois.edu/outreach/beckman-institute-open-house,neuroscience; medical-education,uiuc; illinois; neuroscience; education; community,,,in-person,Urbana,Illinois,US,Beckman Institute for Advanced Science and Technology,40.102,-88.2272,"The Beckman Institute Open House is an annual public science outreach event held alongside Engineering Open House, with interactive demonstrations from research groups including neuroscience and imaging labs. The 2027 dates had not been announced as of September 2026; the 2026 open house ran April 10 to 11.",,medium,"This is a public science outreach event without a call for abstracts, not a research conference; included because it is a clearly annual UIUC event with neuroscience and health related lab demonstrations, per the task instructions. The 2027 dates were not yet published as of September 2026.",https://beckman.illinois.edu/news/article/2026/03/24/beckman-institute-open-house-happening-april-10-11
uiuc-carle-illinois-health-innovation-research-day-2027,Health Innovation Research Day 2027,HIRD 2027,"Carle Illinois College of Medicine, University of Illinois Urbana-Champaign",https://medicine.illinois.edu,https://medicine.illinois.edu/about/global-consortium/health-innovation-research-day,medical-education; informatics,uiuc; illinois; medical-education; health-services; student-resident-research,,,in-person,Urbana,Illinois,US,Illini Union,40.102,-88.2272,"Health Innovation Research Day is Carle Illinois College of Medicine's annual research and innovation showcase, free to attend, with poster and oral presentation sessions for Carle Health residents and CI MED students. The 2027 edition had not been scheduled as of September 2026; the event typically falls in early April with an abstract deadline in early March.",Abstract submission = 2027-03-06 (estimated),medium,"2027 date and abstract deadline are estimated by repeating the confirmed 2026 dates, consistent with the known institutional pattern (early April event, early March abstract deadline); not yet officially published as of September 2026.",https://medicine.illinois.edu/about/global-consortium/health-innovation-research-day; https://calendars.illinois.edu/detail/5988?eventId=33458540
uiuc-cozad-new-venture-challenge-2027,Cozad New Venture Challenge 2027,Cozad NVC 2027,"Nichole Kelly Landuyt Center for Entrepreneurship, University of Illinois Urbana-Champaign",https://landuyt.illinois.edu/programs/cozad,https://landuyt.illinois.edu/programs/cozad/schedule,medical-education; health-services,uiuc; illinois; health-services; education; student-resident-research,,,in-person,Champaign,Illinois,US,Illinois Conference Center,40.102,-88.2272,"The Cozad New Venture Challenge is the University of Illinois Urbana-Champaign campuswide venture creation competition, run by the Nichole Kelly Landuyt Center for Entrepreneurship, with a dedicated Health Care Track fed by teams from the Carle Illinois Health Make-a-Thon. The 2027 cycle had not been scheduled as of September 2026; registration was expected to open in fall 2026 following the pattern of prior cycles.",Registration deadline = 2027-02-01 (estimated); Finals and Demo Day = 2027-04-17 (estimated),medium,"2027 Cozad dates are not yet published; the deadlines above are estimated from the confirmed 2026 cycle. Cozad itself is a campuswide, multi-track venture competition, not health specific, but is included because of its Health Care Track.",https://landuyt.illinois.edu/programs/cozad/schedule; https://landuyt.illinois.edu/programs/cozad; https://medicine.illinois.edu/innovation/health-maker-lab/events
uiuc-health-make-a-thon,Carle Illinois Health Make-a-Thon,Health Make-a-Thon,"Carle Illinois College of Medicine Health Maker Lab, University of Illinois Urbana-Champaign",https://medicine.illinois.edu/innovation/health-maker-lab,https://medicine.illinois.edu/innovation/health-maker-lab/events,medical-education; health-services,uiuc; illinois; health-services; education; community,,,in-person,Urbana,Illinois,US,,40.102,-88.2272,"The Health Make-a-Thon is a design and pitch competition run by Carle Illinois College of Medicine's Health Maker Lab since 2019, feeding winning teams into the Cozad New Venture Challenge Health Care Track. Early editions ran in spring, but recent editions, including a two-day Patient-Centered Health Make-a-Thon reported in December 2025, are branded the Fall Health Make-a-Thon and run in the fall. The exact date for the next edition had not been published as of September 2026.",,low,"This event's seasonal pattern appears to have shifted: 2019 to 2022 editions ran in spring (for example an April 2022 Tournament of Champions), but the 2023 and 2025 editions ran in the fall under the Fall Health Make-a-Thon name, contrary to the spring pattern assumed in the task brief. Exact day level dates for any recent edition could not be confirmed from the pages retrieved, only publication dates of after the fact news articles. Maintainer should check medicine.illinois.edu/innovation/health-maker-lab/events directly closer to the event.",https://medicine.illinois.edu/news/ci-med-patient-centered-health-make-a-thon-prototypes-address-gaps-in-health-care; https://medicine.illinois.edu/innovation/health-maker-lab/events; https://medicine.illinois.edu/news/innovate-locally-impact-globally-broad-based-innovations-win-support-at-health-make-a-thon
uiuc-igb-fellows-symposium-2027,IGB Fellows Symposium 2027,IGB Fellows Symposium 2027,"Carl R. Woese Institute for Genomic Biology, University of Illinois Urbana-Champaign",https://www.igb.illinois.edu,https://fellows.igb.illinois.edu/,oncology; neuroscience; informatics,uiuc; illinois; genetics; translational; student-resident-research,,,in-person,Urbana,Illinois,US,"612 Conference Center, Institute for Genomic Biology",40.102,-88.2272,The IGB Fellows Symposium is an annual event hosted by the Carl R. Woese Institute for Genomic Biology bringing together campus researchers for keynote talks and a poster session with travel voucher awards. The 2027 edition had not been scheduled as of September 2026; the 2026 edition was held in early May.,,medium,This symposium spans genomic biology broadly rather than clinical medicine specifically; included because it is a UIUC research symposium with a competitive poster session relevant to biomedical trainees. The 2027 date was not yet published as of September 2026.,https://www.igb.illinois.edu/igb-calendar/igb-fellows-symposium-2026
uiuc-illini-physical-activity-symposium-2027,Illini Physical Activity Symposium 2027,IPA Symposium 2027,"Department of Health and Kinesiology, College of Applied Health Sciences, University of Illinois Urbana-Champaign",https://ahs.illinois.edu,https://publish.illinois.edu/lapassstalab/ipa-symposium/,public-health,uiuc; illinois; public-health; community; student-resident-research,,,in-person,Urbana,Illinois,US,,40.102,-88.2272,"The Illini Physical Activity Symposium, hosted by the Department of Health and Kinesiology, celebrates research on physical activity and public health, including student poster presentations. The second annual edition was held April 3, 2026; the third edition had not been scheduled as of September 2026.",,medium,"New and small symposium, only in its second year as of 2026; no 2027 date has been published yet.",https://ahs.illinois.edu/illini-physical-activity-symposium-two/
uiuc-illinois-summer-research-symposium-2027,Illinois Summer Research Symposium 2027,ISRS 2027,"Graduate College, University of Illinois Urbana-Champaign",https://grad.illinois.edu,https://grad.illinois.edu/engagement/access-engagement/illinois-summer-research-symposium,medical-education; public-health,uiuc; illinois; student-resident-research; education,,,in-person,Champaign,Illinois,US,Illinois Conference Center,40.102,-88.2272,"The Illinois Summer Research Symposium is the Graduate College's culminating poster and presentation event for over one hundred undergraduate summer scholars from programs including the REACH pathway to Carle Illinois College of Medicine, held each July. The 2027 date had not been published as of September 2026.",,medium,"General multidisciplinary summer research symposium, not health specific, but explicitly requested in the task instructions and includes the REACH pathway to Carle Illinois College of Medicine. The 2027 date was not yet published.",https://grad.illinois.edu/engagement/access-engagement/illinois-summer-research-symposium
uiuc-image-of-research-2027,Graduate College Image of Research Competition 2027,Image of Research 2027,"Graduate College, University of Illinois Urbana-Champaign",https://grad.illinois.edu,https://publish.illinois.edu/imageofresearch/requirements-and-deadlines,medical-education,uiuc; education; student-resident-research; illinois,,,hybrid,Urbana,Illinois,US,,40.102,-88.2272,"Image of Research is a Graduate College competition in which Illinois graduate students, including those in health science fields, submit an image and a short narrative connecting visual art to their research, judged by a jury and a public People's Choice vote with an exhibition of finalists. For the 2026 competition, People's Choice voting closed April 10, 2026 and winners were announced April 13, 2026; the submission window for 2026, and any 2027 dates, were not published on the pages retrieved as of September 2026.",,low,"Submission-opening and submission-deadline dates for the graduate competition itself were not found on the pages retrieved, only the voting and announcement dates for the 2026 cycle. A separate undergraduate Image of Research competition also exists at the same site.",https://publish.illinois.edu/imageofresearch/requirements-and-deadlines; https://grad.illinois.edu/news/congratulations-2026-image-research-finalists
uiuc-kruh-cancer-research-symposium-2027,Dr. Gary Kruh Cancer Research Symposium and Student/Trainee Poster Competition 2027,Kruh Cancer Research Symposium 2027,University of Illinois Cancer Center (UIC),https://cancer.uillinois.edu,https://cancer.uillinois.edu/events/kruh-cancer-research-symposium,oncology,uiuc; cancer-research; student-resident-research; illinois,,,in-person,Chicago,Illinois,US,"818 South Wolcott Avenue, Chicago, IL",41.8708,-87.6505,"The Dr. Gary Kruh Cancer Research Symposium is the University of Illinois Cancer Center's annual cancer research symposium and student/trainee poster competition, open to students, postdocs, and fellows with cancer focused research, judged by scientific and community reviewers with cash awards across four categories. The 2026 edition was held April 3, 2026, and a 2027 date had not been published as of September 2026.",,medium,"This is the University of Illinois Cancer Center, an NCI-designated center in Chicago that is part of UIC, distinct from the Cancer Center at Illinois in Urbana-Champaign covered separately in this file. Included as an additional UIC College of Medicine connected event under the research brief's allowance for up to five extra recurring events.",https://cancer.uillinois.edu/events/kruh-cancer-research-symposium
uiuc-uic-rockford-research-day-2027,College of Medicine Rockford Research Day 2027,UIC Rockford Research Day 2027,University of Illinois College of Medicine Rockford,https://rockford.medicine.uic.edu,https://rockford.medicine.uic.edu/comp-research/research-day,medical-education; health-services,uiuc; illinois; medical-education; health-services; student-resident-research,,,in-person,Rockford,Illinois,US,University of Illinois College of Medicine Rockford,42.2711,-89.094,"Research Day at the University of Illinois College of Medicine Rockford showcases research from the campus and its affiliated regional institutions through keynote addresses, student led presentations, and poster sessions by students, residents, faculty, and staff. The 2027 edition had not been scheduled as of September 2026; the 31st annual 2026 edition addressed health policy research.",,high,"The 2027 date was not yet published; based on the annual April pattern it is likely to fall in April 2027 with an abstract deadline in mid February 2027, but no specific estimate is given since only one prior year's exact data point was confirmed.",https://rockford.medicine.uic.edu/events/research-day-2026/; https://rockford.medicine.uic.edu/events/research-day-call-to-abstract-due-date/
uiuc-uic-womens-health-research-day-2027,Women's Health Research Day 2027,UIC Women's Health Research Day 2027,University of Illinois College of Medicine Chicago,https://chicago.medicine.uic.edu,https://chicago.medicine.uic.edu/news-stories/8th-annual-womens-health-research-day/,obstetrics-gynecology; medical-education,uiuc; illinois; obstetrics; gynecology; reproductive; student-resident-research,,,in-person,Chicago,Illinois,US,University of Illinois College of Medicine Chicago,41.8708,-87.6505,"Women's Health Research Day is an annual research symposium at the University of Illinois College of Medicine Chicago with a call for abstracts open to students, fellows, faculty, and staff, judged oral abstract presentations, and a poster symposium. The eighth annual edition was held April 29, 2026, with ninety two poster submissions; the ninth edition had not been scheduled as of September 2026.",,medium,"The 2027 date was not yet published; based on only one confirmed prior year, no day-level estimate is given for the next edition.",https://chicago.medicine.uic.edu/news-stories/8th-annual-womens-health-research-day/
uiuc-undergraduate-research-symposium-2027,University of Illinois Undergraduate Research Symposium 2027,URS 2027,"Office of Undergraduate Research, University of Illinois Urbana-Champaign",https://undergradresearch.illinois.edu,https://undergradresearch.illinois.edu/symposium.html,medical-education; public-health,uiuc; education; student-resident-research; illinois,,,in-person,Urbana,Illinois,US,University of Illinois Urbana-Champaign campus (various locations),40.102,-88.2272,"The Undergraduate Research Symposium is the signature poster and oral presentation event of Undergraduate Research Week, open to undergraduates across all disciplines including pre-health and biomedical research. The 2026 symposium was held April 30, 2026 with an application deadline in early March 2026, and 2027 dates had not been published as of September 2026.",,medium,"Two different application deadline dates were found across search snippets for the 2026 symposium (March 1 and March 13); March 13 is used here as the more specific citation, but the maintainer should verify against the official application form at appserv7.admin.uillinois.edu before relying on it.",https://undergradresearch.illinois.edu/symposium.html; https://calendars.illinois.edu/detail/6178?eventId=33549889; https://blogs.illinois.edu/view/6204/940674164
wacp-world-congress-8th,"8th World Congress of Cultural Psychiatry (next edition, unannounced)",WACP 8th World Congress,World Association of Cultural Psychiatry,https://waculturalpsy.org/,https://waculturalpsy.org/events/,psychiatry,cultural; international; global,,,,,,,,,,The World Association of Cultural Psychiatry holds a World Congress of Cultural Psychiatry about every three years. The 7th congress was held jointly with the Pacific Rim College of Psychiatrists in Tokyo in September 2025; the 8th congress has not been announced on the association website as of September 2026.,,low,"Three year cycle suggests 2028, but nothing is published.",https://waculturalpsy.org/events/; https://www.prcp.org/leadership-messages
wasp-world-congress-2028,26th World Congress of Social Psychiatry 2028,WASP 2028,World Association of Social Psychiatry,https://waspsocialpsychiatry.org/,https://waspsocialpsychiatry.org/upcoming-events/,psychiatry,community; cultural; international; global,,,,New Delhi,Delhi,IN,,28.6139,77.209,The World Association of Social Psychiatry holds its world congress every three years. The 25th congress took place in Marrakesh in January 2026 and the association has stated that the next world congress will be held in New Delhi in late 2028; dates are not yet published.,,low,The New Delhi Together Against Stigma conference (12 to 14 November 2026) is a WASP linked event but not the world congress.,https://waspsocialpsychiatry.org/25th-world-congress-of-social-psychiatry-marrakech-morocco/; https://waspsocialpsychiatry.org/upcoming-events/; https://waspsocialpsychiatry.org/tag/congress/
wsc-2027,World Stroke Congress 2027,WSC 2027,World Stroke Organization,https://www.world-stroke.org,,neurology; surgery,stroke; international; global,,,,,,,,,,"The World Stroke Organization has not announced a host city or dates for the 2027 World Stroke Congress as of the access date. The congress has been held annually in recent years, most recently in Seoul in October 2026.",,low,"This record is a placeholder created because the task instructions explicitly requested both the 2026 and 2027 editions; no 2027 host city, dates, or planning page could be found on the World Stroke Organization site as of 2026-09-10.",https://www.world-stroke.org/; https://www.world-stroke.org/what-we-do/uniting-the-stroke-community/world-stroke-congress
